player_name,Games Played
User_1,29097
User_2,27928
User_3,25038
User_4,22848
User_5,22737
User_6,21344
User_7,20861
User_8,20523
User_9,20174
User_10,19775
User_11,17316
User_12,16606
User_13,16011
User_14,15976
User_15,15379
User_16,14665
User_17,14449
User_18,14335
User_19,14325
User_20,14209
User_21,14133
User_22,14119
User_23,14108
User_24,14018
User_25,13769
User_26,13505
User_27,13442
User_28,13267
User_29,12618
User_30,12597
User_31,12543
User_32,12462
User_33,12228
User_34,12105
User_35,12057
User_36,11953
User_37,11542
User_38,11488
User_39,11312
User_40,11299
User_41,11191
User_42,11077
User_43,11008
User_44,10882
User_45,10866
User_46,10739
User_47,10731
User_48,10702
User_49,10682
User_50,10666
User_51,10653
User_52,10620
User_53,10608
User_54,10565
User_55,10497
User_56,10361
User_57,10355
User_58,10263
User_59,10254
User_60,10224
User_61,10184
User_62,10143
User_63,10139
User_64,10089
User_65,10069
User_66,10012
User_67,10002
User_68,9983
User_69,9982
User_70,9930
User_71,9907
User_72,9901
User_73,9763
User_74,9762
User_75,9755
User_76,9728
User_77,9698
User_78,9634
User_79,9614
User_80,9607
User_81,9604
User_82,9446
User_83,9355
User_84,9337
User_85,9292
User_86,9246
User_87,9221
User_88,9205
User_89,9199
User_90,9188
User_91,9087
User_92,9078
User_93,9059
User_94,9024
User_95,9011
User_96,8960
User_97,8931
User_98,8906
User_99,8860
User_100,8858
User_101,8825
User_102,8813
User_103,8804
User_104,8745
User_105,8694
User_106,8663
User_107,8662
User_108,8658
User_109,8655
User_110,8653
User_111,8639
User_112,8639
User_113,8637
User_114,8631
User_115,8591
User_116,8566
User_117,8542
User_118,8539
User_119,8537
User_120,8532
User_121,8519
User_122,8492
User_123,8490
User_124,8482
User_125,8465
User_126,8448
User_127,8443
User_128,8369
User_129,8359
User_130,8349
User_131,8298
User_132,8271
User_133,8243
User_134,8224
User_135,8203
User_136,8171
User_137,8151
User_138,8127
User_139,8119
User_140,8104
User_141,8086
User_142,8072
User_143,8063
User_144,8047
User_145,8045
User_146,8044
User_147,8041
User_148,8041
User_149,8010
User_150,7995
User_151,7987
User_152,7966
User_153,7953
User_154,7943
User_155,7938
User_156,7929
User_157,7912
User_158,7863
User_159,7785
User_160,7784
User_161,7781
User_162,7748
User_163,7740
User_164,7721
User_165,7690
User_166,7690
User_167,7685
User_168,7651
User_169,7644
User_170,7604
User_171,7575
User_172,7561
User_173,7540
User_174,7524
User_175,7472
User_176,7458
User_177,7435
User_178,7432
User_179,7380
User_180,7380
User_181,7377
User_182,7376
User_183,7363
User_184,7361
User_185,7356
User_186,7348
User_187,7327
User_188,7318
User_189,7316
User_190,7295
User_191,7259
User_192,7240
User_193,7232
User_194,7226
User_195,7203
User_196,7180
User_197,7179
User_198,7178
User_199,7159
User_200,7134
User_201,7121
User_202,7074
User_203,7050
User_204,7044
User_205,7037
User_206,7036
User_207,7017
User_208,7011
User_209,7010
User_210,6980
User_211,6975
User_212,6968
User_213,6962
User_214,6958
User_215,6950
User_216,6898
User_217,6896
User_218,6885
User_219,6849
User_220,6837
User_221,6821
User_222,6820
User_223,6814
User_224,6804
User_225,6776
User_226,6774
User_227,6765
User_228,6756
User_229,6755
User_230,6733
User_231,6722
User_232,6721
User_233,6706
User_234,6694
User_235,6688
User_236,6674
User_237,6669
User_238,6664
User_239,6642
User_240,6626
User_241,6567
User_242,6566
User_243,6565
User_244,6557
User_245,6554
User_246,6546
User_247,6531
User_248,6529
User_249,6525
User_250,6525
User_251,6517
User_252,6505
User_253,6483
User_254,6477
User_255,6466
User_256,6462
User_257,6437
User_258,6434
User_259,6430
User_260,6394
User_261,6390
User_262,6388
User_263,6368
User_264,6356
User_265,6348
User_266,6337
User_267,6321
User_268,6302
User_269,6288
User_270,6261
User_271,6251
User_272,6249
User_273,6244
User_274,6239
User_275,6225
User_276,6210
User_277,6207
User_278,6198
User_279,6194
User_280,6193
User_281,6189
User_282,6185
User_283,6178
User_284,6171
User_285,6153
User_286,6153
User_287,6149
User_288,6141
User_289,6121
User_290,6116
User_291,6116
User_292,6110
User_293,6108
User_294,6102
User_295,6097
User_296,6096
User_297,6093
User_298,6088
User_299,6080
User_300,6078
User_301,6075
User_302,6060
User_303,6059
User_304,6032
User_305,6029
User_306,6008
User_307,6006
User_308,6003
User_309,5999
User_310,5982
User_311,5959
User_312,5955
User_313,5949
User_314,5948
User_315,5945
User_316,5942
User_317,5941
User_318,5941
User_319,5931
User_320,5918
User_321,5895
User_322,5890
User_323,5889
User_324,5884
User_325,5883
User_326,5879
User_327,5862
User_328,5861
User_329,5858
User_330,5857
User_331,5837
User_332,5801
User_333,5796
User_334,5795
User_335,5792
User_336,5791
User_337,5777
User_338,5776
User_339,5765
User_340,5765
User_341,5764
User_342,5749
User_343,5747
User_344,5738
User_345,5736
User_346,5736
User_347,5727
User_348,5727
User_349,5721
User_350,5707
User_351,5701
User_352,5698
User_353,5693
User_354,5691
User_355,5689
User_356,5683
User_357,5668
User_358,5659
User_359,5658
User_360,5658
User_361,5656
User_362,5637
User_363,5629
User_364,5620
User_365,5609
User_366,5590
User_367,5588
User_368,5574
User_369,5571
User_370,5569
User_371,5568
User_372,5565
User_373,5564
User_374,5563
User_375,5563
User_376,5554
User_377,5551
User_378,5551
User_379,5549
User_380,5548
User_381,5547
User_382,5547
User_383,5544
User_384,5535
User_385,5530
User_386,5522
User_387,5512
User_388,5494
User_389,5490
User_390,5490
User_391,5484
User_392,5468
User_393,5467
User_394,5457
User_395,5437
User_396,5430
User_397,5429
User_398,5421
User_399,5420
User_400,5416
User_401,5411
User_402,5405
User_403,5405
User_404,5398
User_405,5388
User_406,5381
User_407,5358
User_408,5348
User_409,5347
User_410,5344
User_411,5342
User_412,5332
User_413,5332
User_414,5329
User_415,5324
User_416,5321
User_417,5320
User_418,5320
User_419,5301
User_420,5291
User_421,5286
User_422,5283
User_423,5282
User_424,5281
User_425,5280
User_426,5279
User_427,5268
User_428,5268
User_429,5263
User_430,5259
User_431,5256
User_432,5252
User_433,5250
User_434,5244
User_435,5237
User_436,5233
User_437,5224
User_438,5222
User_439,5215
User_440,5212
User_441,5211
User_442,5210
User_443,5207
User_444,5207
User_445,5193
User_446,5190
User_447,5189
User_448,5181
User_449,5179
User_450,5171
User_451,5169
User_452,5167
User_453,5161
User_454,5158
User_455,5157
User_456,5155
User_457,5154
User_458,5152
User_459,5150
User_460,5147
User_461,5144
User_462,5143
User_463,5142
User_464,5137
User_465,5131
User_466,5130
User_467,5127
User_468,5122
User_469,5121
User_470,5115
User_471,5109
User_472,5108
User_473,5104
User_474,5097
User_475,5097
User_476,5095
User_477,5094
User_478,5087
User_479,5074
User_480,5071
User_481,5071
User_482,5062
User_483,5060
User_484,5057
User_485,5049
User_486,5043
User_487,5034
User_488,5031
User_489,5025
User_490,5017
User_491,5017
User_492,5014
User_493,5012
User_494,5012
User_495,5012
User_496,5010
User_497,5002
User_498,4996
User_499,4994
User_500,4991
