Username,UID
User_2432195245610694693,2432195245610694693
User_14927434098641587,14927434098641587
User_8706546184032904415,8706546184032904415
User_8366880904121628400,8366880904121628400
User_1080129604936734527,1080129604936734527
User_8367894162732723385,8367894162732723385
User_9192062008436270018,9192062008436270018
User_1705756337270011819,1705756337270011819
User_1373177542052142313,1373177542052142313
User_8611065942703952950,8611065942703952950
User_8187293244729486413,8187293244729486413
User_3224929521985983917,3224929521985983917
User_25072499087422157,25072499087422157
User_6191967774094592505,6191967774094592505
User_2948907669085644738,2948907669085644738
User_3894407585206582195,3894407585206582195
User_2276662806950262878,2276662806950262878
User_8835323819981571165,8835323819981571165
User_6453831551179134296,6453831551179134296
User_7855013971937549975,7855013971937549975
User_7584108182605819673,7584108182605819673
User_8505886519573803612,8505886519573803612
User_3781748298700077095,3781748298700077095
User_6632961517921348980,6632961517921348980
User_5605383989271660367,5605383989271660367
User_9084218121254848767,9084218121254848767
User_5478425934806028085,5478425934806028085
User_8600366673659907446,8600366673659907446
User_1720695564484299708,1720695564484299708
User_8550276361100541304,8550276361100541304
User_5156547792772553903,5156547792772553903
User_7905552776670270964,7905552776670270964
User_7820799130220591994,7820799130220591994
User_1855045601445273437,1855045601445273437
User_2410985697757922440,2410985697757922440
User_1588128020455345404,1588128020455345404
User_7347108232170389878,7347108232170389878
User_7319361529730473404,7319361529730473404
User_46387655013839299,46387655013839299
User_3266616977115219944,3266616977115219944
User_7397116585397877779,7397116585397877779
User_1118010781937094915,1118010781937094915
User_3416672126488426440,3416672126488426440
User_7219611966766699218,7219611966766699218
User_6529983055546217415,6529983055546217415
User_7435743680170530784,7435743680170530784
User_5320148384276259637,5320148384276259637
User_3609094369521502151,3609094369521502151
User_5128060450018114732,5128060450018114732
User_1875687065799602741,1875687065799602741
User_5172053115705453635,5172053115705453635
User_3718569748955556542,3718569748955556542
User_7881159925612497504,7881159925612497504
User_7744131130166891211,7744131130166891211
User_6672281964600208559,6672281964600208559
User_3158015891274506790,3158015891274506790
User_6670074366028407870,6670074366028407870
User_3262789502328601483,3262789502328601483
User_2914850111173554819,2914850111173554819
User_5103783738993663830,5103783738993663830
User_1464829724471422352,1464829724471422352
User_807482740081973438,807482740081973438
User_3611037018007122142,3611037018007122142
User_8199153678761195689,8199153678761195689
User_3306579549307330614,3306579549307330614
User_1439133187053395049,1439133187053395049
User_8170319274788286686,8170319274788286686
User_6614944663112359727,6614944663112359727
User_2628693860749904262,2628693860749904262
User_825953304791846166,825953304791846166
User_1490074710407956730,1490074710407956730
User_549370074819023083,549370074819023083
User_6768424999830262984,6768424999830262984
User_8419156920374028121,8419156920374028121
User_7609327933651181735,7609327933651181735
User_5288500131965274382,5288500131965274382
User_2323859300301747738,2323859300301747738
User_5969582802420319719,5969582802420319719
User_6170503812795883319,6170503812795883319
User_6727436690531420912,6727436690531420912
User_3606319822845643488,3606319822845643488
User_8337088490159897122,8337088490159897122
User_83018817743712258,83018817743712258
User_8820787621079405408,8820787621079405408
User_3488803092459075832,3488803092459075832
User_4385718180220036736,4385718180220036736
User_3397459676986576415,3397459676986576415
User_7568699502819106930,7568699502819106930
User_8652883805096332576,8652883805096332576
User_4127189371746951115,4127189371746951115
User_3766784129049977407,3766784129049977407
User_5065186303976537977,5065186303976537977
User_6783748777482336020,6783748777482336020
User_6227768113810484319,6227768113810484319
User_3760346455777907570,3760346455777907570
User_5664890698348237915,5664890698348237915
User_3061576527514327387,3061576527514327387
User_5887341288033955263,5887341288033955263
User_3032845085346392637,3032845085346392637
User_1379054521777098258,1379054521777098258
User_8306779965800502655,8306779965800502655
User_1468037272814568673,1468037272814568673
User_8709780545574304054,8709780545574304054
User_4229126639486706747,4229126639486706747
User_7884136896919814974,7884136896919814974
User_4554737402677840175,4554737402677840175
User_9208794472213144565,9208794472213144565
User_9132704233948707218,9132704233948707218
User_9130375208797341681,9130375208797341681
User_6445615787361911205,6445615787361911205
User_2791317825881381610,2791317825881381610
User_5906724730350001188,5906724730350001188
User_6722285722158657605,6722285722158657605
User_7343581875495578545,7343581875495578545
User_4953711912983496146,4953711912983496146
User_8310534097439227138,8310534097439227138
User_2399745525088480735,2399745525088480735
User_7109095017074948555,7109095017074948555
User_6365937748698897955,6365937748698897955
User_7692515810889877616,7692515810889877616
User_4050246435431051096,4050246435431051096
User_6731138113309711045,6731138113309711045
User_4563315824247570531,4563315824247570531
User_2814899033557485452,2814899033557485452
User_5217911811090256108,5217911811090256108
User_8474701887584037478,8474701887584037478
User_2541006851860147502,2541006851860147502
User_6155442535109817690,6155442535109817690
User_2772610798893082417,2772610798893082417
User_694752657583915470,694752657583915470
User_8812578940622714128,8812578940622714128
User_8260133028379996883,8260133028379996883
User_4938550648426899306,4938550648426899306
User_5561682928018190540,5561682928018190540
User_5097823291008096413,5097823291008096413
User_1413424345389481537,1413424345389481537
User_4696045412019272040,4696045412019272040
User_8316774463481057152,8316774463481057152
User_7186447724654589282,7186447724654589282
User_5154848021695184267,5154848021695184267
User_8633034267672289267,8633034267672289267
User_449768081675966513,449768081675966513
User_2252035006414004675,2252035006414004675
User_7766135061237618590,7766135061237618590
User_2268885167138094757,2268885167138094757
User_636553649818738740,636553649818738740
User_7863730013599765129,7863730013599765129
User_8754991612723464955,8754991612723464955
User_2305356623917788811,2305356623917788811
User_4388292702792369,4388292702792369
User_2672180715833419829,2672180715833419829
User_3701585130739186401,3701585130739186401
User_4360677611624708273,4360677611624708273
User_7942342293200847838,7942342293200847838
User_5451201646066009573,5451201646066009573
User_8830975304365580602,8830975304365580602
User_7987777975336214584,7987777975336214584
User_5401850201763772511,5401850201763772511
User_7148351036355923040,7148351036355923040
User_1777444715735707114,1777444715735707114
User_8790040038647042884,8790040038647042884
User_1208511642535800487,1208511642535800487
User_818762202702041307,818762202702041307
User_7585683502385398463,7585683502385398463
User_5020903525766190422,5020903525766190422
User_7674827801352617321,7674827801352617321
User_3373208706501638645,3373208706501638645
User_8255990575681129703,8255990575681129703
User_5112152135130523119,5112152135130523119
User_894254209155885143,894254209155885143
User_7387972020385690375,7387972020385690375
User_5533236553493411035,5533236553493411035
User_5950085155761607587,5950085155761607587
User_1297126193547903833,1297126193547903833
User_3053532011191980039,3053532011191980039
User_3120973037015424348,3120973037015424348
User_8683253889199887851,8683253889199887851
User_4249931814755450373,4249931814755450373
User_296294241985871295,296294241985871295
User_8095105040168896294,8095105040168896294
User_3658727861451395910,3658727861451395910
User_6341641137399524526,6341641137399524526
User_3202770555677860407,3202770555677860407
User_8985681735671624229,8985681735671624229
User_3434681168155026206,3434681168155026206
User_2172280405662821265,2172280405662821265
User_5868679619075585140,5868679619075585140
User_6629441769618836578,6629441769618836578
User_3555862844420424953,3555862844420424953
User_7207363156428284401,7207363156428284401
User_3985159962860436069,3985159962860436069
User_3146877848467594761,3146877848467594761
User_4594891735999329129,4594891735999329129
User_7662291599694948074,7662291599694948074
User_3505138200711063792,3505138200711063792
User_6859971301430790385,6859971301430790385
User_3704471465694701353,3704471465694701353
User_7907761467965350565,7907761467965350565
User_7669625779532251538,7669625779532251538
User_1918641239084298823,1918641239084298823
User_705247088660503475,705247088660503475
User_3704412361373148394,3704412361373148394
User_18029497377752839,18029497377752839
User_8349574046556926515,8349574046556926515
User_2255347404291113670,2255347404291113670
User_5630591330688487341,5630591330688487341
User_1181094349046573068,1181094349046573068
User_7605654307799521722,7605654307799521722
User_6892699114689167528,6892699114689167528
User_5735203700389296923,5735203700389296923
User_5468686239913776695,5468686239913776695
User_7784618137799308535,7784618137799308535
User_4652772921414106551,4652772921414106551
User_2298038489945783463,2298038489945783463
User_2037453921039760214,2037453921039760214
User_612520551666734155,612520551666734155
User_7843932252161684454,7843932252161684454
User_1594423700313197179,1594423700313197179
User_6525900050611180563,6525900050611180563
User_1757013475861149678,1757013475861149678
User_1939152301883451047,1939152301883451047
User_1312309354824786202,1312309354824786202
User_3927950738146196128,3927950738146196128
User_382198868160693087,382198868160693087
User_7530856511785050675,7530856511785050675
User_2208341577886623413,2208341577886623413
User_835707987193414506,835707987193414506
User_5865731075783448102,5865731075783448102
User_2137183541285571993,2137183541285571993
User_797982702150693704,797982702150693704
User_597223756607220170,597223756607220170
User_4263176520530709463,4263176520530709463
User_7712360978002782406,7712360978002782406
User_815986900553813694,815986900553813694
User_5724422761346589097,5724422761346589097
User_8247404499056849415,8247404499056849415
User_2376971960918815631,2376971960918815631
User_4007282836699710178,4007282836699710178
User_5650507297808666946,5650507297808666946
User_9072644849599826390,9072644849599826390
User_7544876808892355522,7544876808892355522
User_5290768865545827856,5290768865545827856
User_4694102118796459950,4694102118796459950
User_4943209689123766647,4943209689123766647
User_1863959109592000140,1863959109592000140
User_245384138928580553,245384138928580553
User_337488942339386676,337488942339386676
User_5746788224432819223,5746788224432819223
User_694274902097354784,694274902097354784
User_4230283922903616623,4230283922903616623
User_5566379958175085856,5566379958175085856
User_8911744954252150579,8911744954252150579
User_6350027561322912511,6350027561322912511
User_848200959278046163,848200959278046163
User_6635912515839543281,6635912515839543281
User_1057726950675828188,1057726950675828188
User_4822545398068744967,4822545398068744967
User_7932040297586887384,7932040297586887384
User_1103598826224712926,1103598826224712926
User_8288618322776009005,8288618322776009005
User_1608706720033886563,1608706720033886563
User_5885708979352212277,5885708979352212277
User_1654755655765504258,1654755655765504258
User_3716423624186786454,3716423624186786454
User_7636132600454191377,7636132600454191377
User_2984809114229077350,2984809114229077350
User_649037999896498887,649037999896498887
User_2341255883464969561,2341255883464969561
User_6773842217835843258,6773842217835843258
User_87686534239191170,87686534239191170
User_515137644071577308,515137644071577308
User_4791638750948827873,4791638750948827873
User_4756632729176775179,4756632729176775179
User_6641144955766935816,6641144955766935816
User_7177067234951130409,7177067234951130409
User_7182421693998978178,7182421693998978178
User_5278006056204523802,5278006056204523802
User_3755388300868417961,3755388300868417961
User_7203605128211537964,7203605128211537964
User_8114761290099610226,8114761290099610226
User_3489643225057867350,3489643225057867350
User_5153642304648539970,5153642304648539970
User_1856102986290647892,1856102986290647892
User_5834226793309082078,5834226793309082078
User_4148927592762967441,4148927592762967441
User_5262386285953414273,5262386285953414273
User_7245699769535220515,7245699769535220515
User_8116779570216560053,8116779570216560053
User_8557463323017350098,8557463323017350098
User_1920404228798673671,1920404228798673671
User_1528085442520822144,1528085442520822144
User_3111447969896856665,3111447969896856665
User_6617235055549693938,6617235055549693938
User_8910216113071508573,8910216113071508573
User_5395940421601518324,5395940421601518324
User_5344962873200227431,5344962873200227431
User_8005170251610274917,8005170251610274917
User_2042034755796176861,2042034755796176861
User_4310138637964462983,4310138637964462983
User_8064887394378172239,8064887394378172239
User_3875982648889622181,3875982648889622181
User_6589994833026840783,6589994833026840783
User_1121423837410045218,1121423837410045218
User_7131965120197675533,7131965120197675533
User_5974887133522152949,5974887133522152949
User_2993286876598263138,2993286876598263138
User_3039161208223713023,3039161208223713023
User_5618050164423857761,5618050164423857761
User_3077484002522292695,3077484002522292695
User_913015847143311312,913015847143311312
User_6887878200395203455,6887878200395203455
User_2208621057294635720,2208621057294635720
User_7519380009845072872,7519380009845072872
User_4069755477891919991,4069755477891919991
User_157999242023733072,157999242023733072
User_202209959531061702,202209959531061702
User_5516486799947157027,5516486799947157027
User_1938785134827536521,1938785134827536521
User_1389681772538892362,1389681772538892362
User_15298080374675942,15298080374675942
User_3665054547545735948,3665054547545735948
User_7952591120123896291,7952591120123896291
User_2965752283860384413,2965752283860384413
User_4573923127579421071,4573923127579421071
User_8474954033005321634,8474954033005321634
User_52457353083472749,52457353083472749
User_5263927447158627137,5263927447158627137
User_3391547922346009659,3391547922346009659
User_8618357374466184341,8618357374466184341
User_4868161354317367349,4868161354317367349
User_8771180814260967864,8771180814260967864
User_7309272268104488916,7309272268104488916
User_3603016138545890962,3603016138545890962
User_968285634669785129,968285634669785129
User_4862160472135377052,4862160472135377052
User_8819002547288635093,8819002547288635093
User_2235703641787127085,2235703641787127085
User_2504804947966358326,2504804947966358326
User_4281007550718351978,4281007550718351978
User_9147865594886584756,9147865594886584756
User_3226229410488283202,3226229410488283202
User_5417042608812540608,5417042608812540608
User_6337535007434427433,6337535007434427433
User_8599542545743477186,8599542545743477186
User_7281647043957275679,7281647043957275679
User_7901238825320406778,7901238825320406778
User_4253887478686227579,4253887478686227579
User_1007918613152,1007918613152
User_5532714136650680257,5532714136650680257
User_2939401861328793936,2939401861328793936
User_3466601556986476305,3466601556986476305
User_2785646014684244652,2785646014684244652
User_7510799086075920441,7510799086075920441
User_2892428148431630414,2892428148431630414
User_4145843723567355064,4145843723567355064
User_5447556251381431176,5447556251381431176
User_4897983722459130164,4897983722459130164
User_5621060598387059784,5621060598387059784
User_4218148000890921522,4218148000890921522
User_8554529164292789056,8554529164292789056
User_2166797341649245804,2166797341649245804
User_6512758904965265572,6512758904965265572
User_4686601540222480427,4686601540222480427
User_246893782724272912,246893782724272912
User_7029426324650160148,7029426324650160148
User_4234429787412480305,4234429787412480305
User_1213674105001818710,1213674105001818710
User_9016522283031881948,9016522283031881948
User_2339412765750410776,2339412765750410776
User_7233488045979095890,7233488045979095890
User_5543693701947353989,5543693701947353989
User_4657864289297231782,4657864289297231782
User_4044874301449305536,4044874301449305536
User_4805609930369500050,4805609930369500050
User_6058536368200743612,6058536368200743612
User_7773445393217845865,7773445393217845865
User_2218835781099473334,2218835781099473334
User_7160634425318200837,7160634425318200837
User_5584432379273310783,5584432379273310783
User_896874284998958454,896874284998958454
User_6192065689345322000,6192065689345322000
User_6252386953017140740,6252386953017140740
User_1232871203260974245,1232871203260974245
User_5931103056668190606,5931103056668190606
User_5583136442479782549,5583136442479782549
User_2068128181510170739,2068128181510170739
User_7843087283123780857,7843087283123780857
User_4495669626012142401,4495669626012142401
User_3070222093839869063,3070222093839869063
User_8675329393401587844,8675329393401587844
User_1019282281808342322,1019282281808342322
User_6299454395415745358,6299454395415745358
User_2267773549407318795,2267773549407318795
User_4279929256470851725,4279929256470851725
User_5639361715520773048,5639361715520773048
User_5013917722113500045,5013917722113500045
User_7689075354890259230,7689075354890259230
User_8142030820270745768,8142030820270745768
User_2597567258054412734,2597567258054412734
User_2361404744881312380,2361404744881312380
User_4374594016778563641,4374594016778563641
User_1438362506852440569,1438362506852440569
User_1344540650763666647,1344540650763666647
User_19871094678037984,19871094678037984
User_8933497575322279121,8933497575322279121
User_3785836132695688155,3785836132695688155
User_9195603892205798701,9195603892205798701
User_8422005251637605653,8422005251637605653
User_5866949856437256305,5866949856437256305
User_8892113879861119862,8892113879861119862
User_660172312779044571,660172312779044571
User_2020204805210020339,2020204805210020339
User_6840703594428068507,6840703594428068507
User_1944127928263720155,1944127928263720155
User_7936861312821356183,7936861312821356183
User_6968312899979845739,6968312899979845739
User_2170870282758206917,2170870282758206917
User_7231785612951580209,7231785612951580209
User_5738207012679927455,5738207012679927455
User_4604419994677924739,4604419994677924739
User_9136470085597075060,9136470085597075060
User_3683899171532937144,3683899171532937144
User_5934253506233261302,5934253506233261302
User_3438198917196319523,3438198917196319523
User_5851837711678433185,5851837711678433185
User_1782283541074647498,1782283541074647498
User_6452386125265327256,6452386125265327256
User_3942475386773594101,3942475386773594101
User_7931945799025831089,7931945799025831089
User_3851320428048261243,3851320428048261243
User_4869451343485105047,4869451343485105047
User_325391248406172382,325391248406172382
User_5570572941942541604,5570572941942541604
User_1399550941990203670,1399550941990203670
User_9145146365516663483,9145146365516663483
User_1238547565375682952,1238547565375682952
User_3427543501085773394,3427543501085773394
User_9054115953791948882,9054115953791948882
User_3743196315799505481,3743196315799505481
User_635857784442082942,635857784442082942
User_8969329966142967319,8969329966142967319
User_8609289816946109946,8609289816946109946
User_3571705981290255631,3571705981290255631
User_4066271053849648708,4066271053849648708
User_2526896708332672284,2526896708332672284
User_631385693690989739,631385693690989739
User_7477227256451836712,7477227256451836712
User_7482196173158223392,7482196173158223392
User_1140857791941937141,1140857791941937141
User_2641369243849724602,2641369243849724602
User_683835404567709473,683835404567709473
User_4327621212685362533,4327621212685362533
User_2758542069552839037,2758542069552839037
User_6244398716611650514,6244398716611650514
User_5186613098279605550,5186613098279605550
User_5066645329147873993,5066645329147873993
User_583385020720535281,583385020720535281
User_7043946636524044382,7043946636524044382
User_5498263322078002526,5498263322078002526
User_2124976452533813948,2124976452533813948
User_6657988610137006079,6657988610137006079
User_5074160502015685365,5074160502015685365
User_6508116414308386,6508116414308386
User_6324079652030993839,6324079652030993839
User_7056820961665314697,7056820961665314697
User_6348536484728786340,6348536484728786340
User_491096013911401118,491096013911401118
User_7645230231398865041,7645230231398865041
User_1483984368217568414,1483984368217568414
User_1092978099689917758,1092978099689917758
User_7109678522036682216,7109678522036682216
User_3707496651738633720,3707496651738633720
User_3696147074542124655,3696147074542124655
User_6297749663046853717,6297749663046853717
User_5760753581354208411,5760753581354208411
User_9058880383708939369,9058880383708939369
User_332309897774643803,332309897774643803
User_9145667057588513016,9145667057588513016
User_8674076932449073921,8674076932449073921
User_1473537358606267572,1473537358606267572
User_6899667086067890386,6899667086067890386
User_4495809136582438125,4495809136582438125
User_1465125322239993901,1465125322239993901
User_6028062425475345049,6028062425475345049
User_5614171485442453476,5614171485442453476
User_1379898127625623871,1379898127625623871
User_1627721012650098953,1627721012650098953
User_6757141359097104901,6757141359097104901
User_4326343380039395228,4326343380039395228
User_1400790743777533987,1400790743777533987
User_8065941607057095890,8065941607057095890
User_1009102128937,1009102128937
User_2737262611025693153,2737262611025693153
User_7716195374131607471,7716195374131607471
User_8086731498887780735,8086731498887780735
User_5816375856052737810,5816375856052737810
User_4606503258756044834,4606503258756044834
User_6294969644857904309,6294969644857904309
User_7836536103877083737,7836536103877083737
User_7801967770821616527,7801967770821616527
User_6423054065994560756,6423054065994560756
User_6130350531095410121,6130350531095410121
User_2240291917637094121,2240291917637094121
User_6983937583294997656,6983937583294997656
User_7108596061314488402,7108596061314488402
User_2154305156806862063,2154305156806862063
User_1672274654655030761,1672274654655030761
User_7698483365954550182,7698483365954550182
User_7337990593857217159,7337990593857217159
User_6035542229112781838,6035542229112781838
User_3980403491521531099,3980403491521531099
User_7285939958469669990,7285939958469669990
User_4154847319149588838,4154847319149588838
User_5801738974106745121,5801738974106745121
User_2106268312831757677,2106268312831757677
User_5957052364526384569,5957052364526384569
User_5388438102168824226,5388438102168824226
User_1347612010110159400,1347612010110159400
User_756970520117468188,756970520117468188
User_604927242385167114,604927242385167114
User_5800523552268229891,5800523552268229891
User_8768852359000935720,8768852359000935720
User_2505257198216580991,2505257198216580991
User_6316711713917290519,6316711713917290519
User_1369453699660418878,1369453699660418878
User_2749350541157627083,2749350541157627083
User_1019820339601776458,1019820339601776458
User_4773387846792087721,4773387846792087721
User_7873967471610170602,7873967471610170602
User_6740319113051205530,6740319113051205530
User_4502196691799059061,4502196691799059061
User_4007736740101561441,4007736740101561441
User_5101557954438413746,5101557954438413746
User_9076055366826099447,9076055366826099447
User_6606571025934367574,6606571025934367574
User_3562450188810530855,3562450188810530855
User_1529926689276462284,1529926689276462284
User_4178254098085780160,4178254098085780160
User_6712129666783304606,6712129666783304606
User_7391120584038479559,7391120584038479559
User_3034988929762127683,3034988929762127683
User_6035886430770649214,6035886430770649214
User_8297120118401815830,8297120118401815830
User_7630479423282723631,7630479423282723631
User_7466661211118590380,7466661211118590380
User_4388997748850862737,4388997748850862737
User_7992889364435540236,7992889364435540236
User_639232303196394658,639232303196394658
User_6506194433011540926,6506194433011540926
User_4853988993397712314,4853988993397712314
User_3339108760668519827,3339108760668519827
User_3169007722902432746,3169007722902432746
User_1366970796836733141,1366970796836733141
User_56301785733729053,56301785733729053
User_6536796619267348429,6536796619267348429
User_1260851469593533169,1260851469593533169
User_8774514774836385867,8774514774836385867
User_2913089135624809580,2913089135624809580
User_764824129270415537,764824129270415537
User_5313611354422158394,5313611354422158394
User_4006296979599508698,4006296979599508698
User_5519330465762275088,5519330465762275088
User_7409528341081166818,7409528341081166818
User_4350055623871160112,4350055623871160112
User_1578346942030308765,1578346942030308765
User_4692081837991348368,4692081837991348368
User_1185897842625515497,1185897842625515497
User_2433871508708913727,2433871508708913727
User_3748108091394831559,3748108091394831559
User_9021186622653905806,9021186622653905806
User_5187289938611671380,5187289938611671380
User_4603720209582544614,4603720209582544614
User_3800911093969947820,3800911093969947820
User_4354713218254059634,4354713218254059634
User_7224240734208818084,7224240734208818084
User_5304137627064934320,5304137627064934320
User_6870301849511179702,6870301849511179702
User_7176384899392896913,7176384899392896913
User_3452157542586123469,3452157542586123469
User_6990955742252949434,6990955742252949434
User_2522291093561010170,2522291093561010170
User_9093612626322773144,9093612626322773144
User_9085247399365685678,9085247399365685678
User_6283738827720481309,6283738827720481309
User_7939991684619542005,7939991684619542005
User_5142920959291973313,5142920959291973313
User_4558298090588315236,4558298090588315236
User_2451019109675717784,2451019109675717784
User_2170616692156210496,2170616692156210496
User_4077834867784992760,4077834867784992760
User_5987967303558727775,5987967303558727775
User_2631312025143358040,2631312025143358040
User_4565271140984514200,4565271140984514200
User_2924260636196912788,2924260636196912788
User_7950108127073279844,7950108127073279844
User_5488382454632347109,5488382454632347109
User_3499695304247502850,3499695304247502850
User_8583769204087294481,8583769204087294481
User_1135330204827969595,1135330204827969595
User_6618821775109074399,6618821775109074399
User_6886136230797049904,6886136230797049904
User_7181196242476303203,7181196242476303203
User_2884947244687768968,2884947244687768968
User_5493020985490806587,5493020985490806587
User_2359209949974668827,2359209949974668827
User_3499792112066625544,3499792112066625544
User_7391447689276157250,7391447689276157250
User_2274991898354479609,2274991898354479609
User_4876447083188444881,4876447083188444881
User_8387422883520923158,8387422883520923158
User_8532068609422079812,8532068609422079812
User_4550044039553211387,4550044039553211387
User_4162828109197589608,4162828109197589608
User_8464120839414372581,8464120839414372581
User_426547810222388812,426547810222388812
User_1350420603655628970,1350420603655628970
User_5731692034283932186,5731692034283932186
User_2562532284941667568,2562532284941667568
User_3541324871751864201,3541324871751864201
User_5068899247296038248,5068899247296038248
User_2306873134106473188,2306873134106473188
User_4251148091496240368,4251148091496240368
User_4770201338860206218,4770201338860206218
User_2888778044278738512,2888778044278738512
User_9182258384731028100,9182258384731028100
User_6815541803667431461,6815541803667431461
User_6518215935692518697,6518215935692518697
User_264022676396342453,264022676396342453
User_6199875232128494399,6199875232128494399
User_2453899050282188698,2453899050282188698
User_4958877810738109547,4958877810738109547
User_7959696258849874880,7959696258849874880
User_5479932802783353994,5479932802783353994
User_2319806560903644396,2319806560903644396
User_7427392251898117117,7427392251898117117
User_838948795083608561,838948795083608561
User_5106042037128106177,5106042037128106177
User_1101947822044677697,1101947822044677697
User_6647312974041033498,6647312974041033498
User_8901348926701100962,8901348926701100962
User_1840018867932928579,1840018867932928579
User_109218032090701586,109218032090701586
User_4614855903094859240,4614855903094859240
User_817798723548663193,817798723548663193
User_7077379449858376500,7077379449858376500
User_7648350122207513913,7648350122207513913
User_2707313766470342345,2707313766470342345
User_2182396831913277667,2182396831913277667
User_3148289812627400792,3148289812627400792
User_6095226940536058900,6095226940536058900
User_6367951142316686945,6367951142316686945
User_3117855998998894272,3117855998998894272
User_6492461160531099352,6492461160531099352
User_4308368051670343248,4308368051670343248
User_4914483819073006877,4914483819073006877
User_2479385930650082990,2479385930650082990
User_124430144280309526,124430144280309526
User_6838049369044165719,6838049369044165719
User_3001767703901262126,3001767703901262126
User_7342215656059380570,7342215656059380570
User_6003534255659781438,6003534255659781438
User_8553486047656290007,8553486047656290007
User_210332319875761395,210332319875761395
User_4786743771440520281,4786743771440520281
User_7991251363382753109,7991251363382753109
User_7722833534769814097,7722833534769814097
User_8072887104923834069,8072887104923834069
User_7799442326774676749,7799442326774676749
User_7378793682568108228,7378793682568108228
User_8338733932216473325,8338733932216473325
User_5280630881210613832,5280630881210613832
User_5544348545101002454,5544348545101002454
User_7164575172722618902,7164575172722618902
User_6064933450384841302,6064933450384841302
User_5395732105382034075,5395732105382034075
User_7097434131639849459,7097434131639849459
User_7721584545444377745,7721584545444377745
User_4138543565481288623,4138543565481288623
User_8664446896425943807,8664446896425943807
User_2779905695667132724,2779905695667132724
User_5452875592895098789,5452875592895098789
User_2426929078826641710,2426929078826641710
User_6721789271452618761,6721789271452618761
User_289840337355615451,289840337355615451
User_2116816147340006222,2116816147340006222
User_2109998780925249645,2109998780925249645
User_6526526082071884488,6526526082071884488
User_1294807827687540007,1294807827687540007
User_7560753370376736729,7560753370376736729
User_9093843400881720761,9093843400881720761
User_7107627951613678415,7107627951613678415
User_954327515696732378,954327515696732378
User_2186683938482552412,2186683938482552412
User_7937113669161693798,7937113669161693798
User_7411999699413425260,7411999699413425260
User_983534012490371509,983534012490371509
User_7038760634773429016,7038760634773429016
User_7097496905309180620,7097496905309180620
User_7301238747062032742,7301238747062032742
User_4393026852286154404,4393026852286154404
User_7766831665686467526,7766831665686467526
User_1943661848120763904,1943661848120763904
User_4197814428355439531,4197814428355439531
User_2702242049290753588,2702242049290753588
User_3025789035380368877,3025789035380368877
User_8976760481243810919,8976760481243810919
User_5162903969517908328,5162903969517908328
User_2135486049844174354,2135486049844174354
User_8089672484711941530,8089672484711941530
User_8666770628848558445,8666770628848558445
User_5826857684792533231,5826857684792533231
User_762337101208146494,762337101208146494
User_6738480185280745517,6738480185280745517
User_819325587864097640,819325587864097640
User_6029549754531877248,6029549754531877248
User_7984223343644966278,7984223343644966278
User_3626850424876113785,3626850424876113785
User_424636122524699012,424636122524699012
User_1652491825412124839,1652491825412124839
User_6256151548824671045,6256151548824671045
User_5585456989363411856,5585456989363411856
User_2866355011579091296,2866355011579091296
User_2424003822003876455,2424003822003876455
User_629504225562307703,629504225562307703
User_5763612699819871617,5763612699819871617
User_1211887969284429934,1211887969284429934
User_7352395341716844440,7352395341716844440
User_7046712905667056110,7046712905667056110
User_2273021271999639442,2273021271999639442
User_2024055010701921057,2024055010701921057
User_5404459057227911218,5404459057227911218
User_537310714823690689,537310714823690689
User_6257862029329420412,6257862029329420412
User_1035691848887110058,1035691848887110058
User_6950590890677509179,6950590890677509179
User_1497257727941897648,1497257727941897648
User_1357654821984056153,1357654821984056153
User_7536788887039851078,7536788887039851078
User_1891171004002949115,1891171004002949115
User_544542167824657630,544542167824657630
User_9218111963483335360,9218111963483335360
User_9143645951018319459,9143645951018319459
User_3949856384492476263,3949856384492476263
User_6250675951240208825,6250675951240208825
User_2472769910550199456,2472769910550199456
User_1097976199168579016,1097976199168579016
User_6869915087677112096,6869915087677112096
User_4160624036759328666,4160624036759328666
User_2029904147982004487,2029904147982004487
User_7771551177902346266,7771551177902346266
User_1875242778393474864,1875242778393474864
User_8149308487140018795,8149308487140018795
User_6789770744048346510,6789770744048346510
User_4025557776491333984,4025557776491333984
User_1746132877512248992,1746132877512248992
User_8003970046846184944,8003970046846184944
User_2053872819574249656,2053872819574249656
User_8235820508742792058,8235820508742792058
User_1601418058179371404,1601418058179371404
User_3442575880517179413,3442575880517179413
User_7910642135613094031,7910642135613094031
User_6663485727083412850,6663485727083412850
User_9901301443419559,9901301443419559
User_2579526318086405086,2579526318086405086
User_9106350425815661043,9106350425815661043
User_4881277337443445430,4881277337443445430
User_5137211987737507569,5137211987737507569
User_1347582007232479306,1347582007232479306
User_1363705283037313818,1363705283037313818
User_1865099703810543611,1865099703810543611
User_8286369204565268565,8286369204565268565
User_8073361208620865193,8073361208620865193
User_2705625739474717511,2705625739474717511
User_5626580308946839225,5626580308946839225
User_4237213853331403602,4237213853331403602
User_5421176665155420703,5421176665155420703
User_3404920526528333691,3404920526528333691
User_3865033102236189505,3865033102236189505
User_8482204744724102810,8482204744724102810
User_1654079780020507090,1654079780020507090
User_982062608724266084,982062608724266084
User_1338818722753554920,1338818722753554920
User_3171782850373546042,3171782850373546042
User_2114895173335978586,2114895173335978586
User_787746826848269809,787746826848269809
User_1561651185946201983,1561651185946201983
User_6006410251619323946,6006410251619323946
User_4986658768198386824,4986658768198386824
User_3553399463855671245,3553399463855671245
User_3286132037666656556,3286132037666656556
User_1299743576173712967,1299743576173712967
User_5769222821896798397,5769222821896798397
User_6927620797787539894,6927620797787539894
User_8321449548466356613,8321449548466356613
User_3712710252347297670,3712710252347297670
User_2179522993591404957,2179522993591404957
User_4731470452257020877,4731470452257020877
User_4405827585550857436,4405827585550857436
User_9022060789846700029,9022060789846700029
User_2176556018586426670,2176556018586426670
User_1427115315522762367,1427115315522762367
User_243169115316636364,243169115316636364
User_2819843510183528951,2819843510183528951
User_349214324924657043,349214324924657043
User_2505702221163430355,2505702221163430355
User_6632758358337515595,6632758358337515595
User_6392759151702774872,6392759151702774872
User_5535686918259370597,5535686918259370597
User_6799980779978703072,6799980779978703072
User_65639529463458288,65639529463458288
User_278772895191650420,278772895191650420
User_4325194825279839426,4325194825279839426
User_8938847853473754121,8938847853473754121
User_6966290423685874337,6966290423685874337
User_2350262413928043729,2350262413928043729
User_8106012538660198956,8106012538660198956
User_5909605173789438553,5909605173789438553
User_2729390702635162840,2729390702635162840
User_2829691076278351055,2829691076278351055
User_8230467925629654779,8230467925629654779
User_9166084710693713442,9166084710693713442
User_6572857565009440191,6572857565009440191
User_2499934882060828896,2499934882060828896
User_243378235977634282,243378235977634282
User_8476622836825329194,8476622836825329194
User_6286325029197327684,6286325029197327684
User_933459016247735671,933459016247735671
User_7839614232979312038,7839614232979312038
User_4575020406846270872,4575020406846270872
User_7713908390510776354,7713908390510776354
User_3397944801361943604,3397944801361943604
User_9043514048368171856,9043514048368171856
User_943980165511050730,943980165511050730
User_1797115288726427592,1797115288726427592
User_7551125744604263467,7551125744604263467
User_4517780564881246002,4517780564881246002
User_8417209660676850120,8417209660676850120
User_2823413739251720610,2823413739251720610
User_7413679865863034534,7413679865863034534
User_3488702533584805777,3488702533584805777
User_6191014457759988389,6191014457759988389
User_1184367922778009174,1184367922778009174
User_3250715527210853187,3250715527210853187
User_6986370648589654328,6986370648589654328
User_2354874822777316116,2354874822777316116
User_8285799683890385821,8285799683890385821
User_7992937977329969093,7992937977329969093
User_4532424261630279719,4532424261630279719
User_3672498487053269419,3672498487053269419
User_8092803639354603956,8092803639354603956
User_132393665941941040,132393665941941040
User_4708329079213141694,4708329079213141694
User_1610175549000054656,1610175549000054656
User_5248512816724833748,5248512816724833748
User_5602336216373355621,5602336216373355621
User_4564361430385975050,4564361430385975050
User_2316904487960570076,2316904487960570076
User_8338684991690514855,8338684991690514855
User_6631539646879678848,6631539646879678848
User_5158642373928602110,5158642373928602110
User_622488686900594286,622488686900594286
User_967119484107324581,967119484107324581
User_6120951125876864552,6120951125876864552
User_5874965181202701288,5874965181202701288
User_2190359760961547109,2190359760961547109
User_7204427655754071745,7204427655754071745
User_695232890439864487,695232890439864487
User_7890376447045644276,7890376447045644276
User_7937508194778070094,7937508194778070094
User_1529974164747872266,1529974164747872266
User_5880778284796117691,5880778284796117691
User_8951833454815120026,8951833454815120026
User_1145121046461803848,1145121046461803848
User_5905120858025840462,5905120858025840462
User_5636272681263517731,5636272681263517731
User_2263310516390816055,2263310516390816055
User_8994654384252580530,8994654384252580530
User_8300762939730985036,8300762939730985036
User_7992280801026282194,7992280801026282194
User_7262479010440325083,7262479010440325083
User_3165001437842837517,3165001437842837517
User_5864460424623165452,5864460424623165452
User_8139215363114322053,8139215363114322053
User_5185654289852546525,5185654289852546525
User_3969785757578338296,3969785757578338296
User_765199472619914809,765199472619914809
User_3222281044067802174,3222281044067802174
User_5730796640375314342,5730796640375314342
User_2108106387319273703,2108106387319273703
User_2933716102839585741,2933716102839585741
User_5207128148464749940,5207128148464749940
User_6640828367676149592,6640828367676149592
User_4221427608463327927,4221427608463327927
User_5632853044568849114,5632853044568849114
User_6225866727482172957,6225866727482172957
User_8532184614915359633,8532184614915359633
User_2059688857696332096,2059688857696332096
User_1563326720835354216,1563326720835354216
User_7680335186010091410,7680335186010091410
User_5350803936631581016,5350803936631581016
User_7271279139442150758,7271279139442150758
User_7499813679246356286,7499813679246356286
User_1592133582782288848,1592133582782288848
User_6787263079930509976,6787263079930509976
User_1639478493785487444,1639478493785487444
User_3623759357368100250,3623759357368100250
User_6726486142424478668,6726486142424478668
User_8655137725541154666,8655137725541154666
User_1037122266826837820,1037122266826837820
User_9090825730259540247,9090825730259540247
User_5736165492067452541,5736165492067452541
User_1391604103600877643,1391604103600877643
User_4861686602040199717,4861686602040199717
User_407569691959153139,407569691959153139
User_9131242556841246867,9131242556841246867
User_6608878172187933279,6608878172187933279
User_1297728485060441309,1297728485060441309
User_4130286259185416313,4130286259185416313
User_2369555339726678996,2369555339726678996
User_1600156682519906241,1600156682519906241
User_3979075470381531403,3979075470381531403
User_6510106613886535192,6510106613886535192
User_6296221205748890925,6296221205748890925
User_2018271608967499934,2018271608967499934
User_8746917099334343836,8746917099334343836
User_3641653164057863549,3641653164057863549
User_3834616086637620011,3834616086637620011
User_4448596005320825704,4448596005320825704
User_6570566113694712039,6570566113694712039
User_7781725278481488292,7781725278481488292
User_5796633151055903277,5796633151055903277
User_8484078371839934754,8484078371839934754
User_7462322357311900964,7462322357311900964
User_2184713333331482371,2184713333331482371
User_6515877253914040138,6515877253914040138
User_2420343579031261425,2420343579031261425
User_1817340233538558132,1817340233538558132
User_5349674775893457948,5349674775893457948
User_9218256647820171360,9218256647820171360
User_3608569349374173296,3608569349374173296
User_2554960391166332115,2554960391166332115
User_4057243172627447763,4057243172627447763
User_251819762214230586,251819762214230586
User_4566630864067505251,4566630864067505251
User_6838529111199469399,6838529111199469399
User_6822206463179788734,6822206463179788734
User_5491214429895265526,5491214429895265526
User_7287583134022227584,7287583134022227584
User_5788150619244888868,5788150619244888868
User_5727351858699737786,5727351858699737786
User_2375820815280066537,2375820815280066537
User_1947045537047108294,1947045537047108294
User_1149505265314426471,1149505265314426471
User_7626494992159428221,7626494992159428221
User_4255094040493509253,4255094040493509253
User_63936241711326521,63936241711326521
User_2053645786264479687,2053645786264479687
User_2489838062482400532,2489838062482400532
User_4681025537425084866,4681025537425084866
User_784089072324052046,784089072324052046
User_5944667599132497626,5944667599132497626
User_5273832979251845122,5273832979251845122
User_1532567409700154104,1532567409700154104
User_7766027829096418022,7766027829096418022
User_8698686455389742344,8698686455389742344
User_2327592027041660221,2327592027041660221
User_1809475530144934193,1809475530144934193
User_279774720183854145,279774720183854145
User_7165368284060021507,7165368284060021507
User_6448874324086909813,6448874324086909813
User_1655886544307631305,1655886544307631305
User_5652791877452086435,5652791877452086435
User_1213457717355061498,1213457717355061498
User_1683796977816553463,1683796977816553463
User_568285366358808225,568285366358808225
User_1971967450386498215,1971967450386498215
User_6187281832620474778,6187281832620474778
User_4166394039615656590,4166394039615656590
User_8585246879306855553,8585246879306855553
User_1350723958832522129,1350723958832522129
User_6830330719212904972,6830330719212904972
User_6671005471898425076,6671005471898425076
User_5613261754794325325,5613261754794325325
