player_name,career_kills,career_wins,career_revives
User_1,351847.0,12109.0,16901.0
User_2,287983.0,19846.0,61712.0
User_3,269662.0,16175.0,27939.0
User_4,263062.0,15627.0,27177.0
User_5,235493.0,16196.0,19687.0
User_6,234136.0,12725.0,25491.0
User_7,213721.0,14531.0,23696.0
User_8,212436.0,12155.0,19627.0
User_9,218786.0,16705.0,28795.0
User_10,202705.0,12217.0,22064.0
User_11,201927.0,10579.0,16149.0
User_12,199933.0,14083.0,24174.0
User_13,196155.0,17787.0,53805.0
User_14,192860.0,11661.0,21230.0
User_15,190779.0,13399.0,19857.0
User_16,189835.0,14550.0,24522.0
User_17,188950.0,18794.0,24178.0
User_18,188669.0,9940.0,18015.0
User_19,186775.0,13505.0,25997.0
User_20,186454.0,13416.0,18325.0
User_21,182360.0,14321.0,24417.0
User_22,179005.0,13565.0,17354.0
User_23,175374.0,12240.0,28758.0
User_24,174859.0,15240.0,25035.0
User_25,170398.0,9905.0,27690.0
User_26,168692.0,13608.0,21732.0
User_27,168688.0,14503.0,24062.0
User_28,168425.0,11987.0,21139.0
User_29,167571.0,10232.0,19088.0
User_30,167298.0,12023.0,21159.0
User_31,166759.0,12227.0,21385.0
User_32,164853.0,11098.0,18257.0
User_33,162611.0,8047.0,12371.0
User_34,159400.0,9771.0,18395.0
User_35,158426.0,9716.0,18313.0
User_36,155906.0,9393.0,17046.0
User_37,159715.0,8161.0,14741.0
User_38,175555.0,10683.0,19764.0
User_39,150904.0,9291.0,17676.0
User_40,152148.0,9361.0,17781.0
User_41,149517.0,9212.0,17558.0
User_42,148225.0,13236.0,20707.0
User_43,146865.0,9576.0,17929.0
User_44,146656.0,11898.0,16087.0
User_45,144901.0,8951.0,17167.0
User_46,144614.0,8017.0,16078.0
User_47,145502.0,8985.0,17218.0
User_48,142727.0,9917.0,20518.0
User_49,142672.0,7794.0,15782.0
User_50,141881.0,11496.0,17446.0
User_51,141169.0,4111.0,25389.0
User_52,142404.0,13738.0,13630.0
User_53,140317.0,8848.0,12731.0
User_54,139348.0,11299.0,32023.0
User_55,139094.0,8623.0,16675.0
User_56,138746.0,8604.0,16646.0
User_57,138333.0,7177.0,18680.0
User_58,137279.0,10477.0,18790.0
User_59,137337.0,8381.0,16360.0
User_60,135910.0,8431.0,19193.0
User_61,135321.0,7403.0,22331.0
User_62,135155.0,9334.0,15333.0
User_63,135112.0,16106.0,26605.0
User_64,134457.0,8361.0,16282.0
User_65,133864.0,9126.0,18818.0
User_66,133591.0,8312.0,16209.0
User_67,132714.0,7904.0,15718.0
User_68,132633.0,10372.0,17178.0
User_69,135576.0,8425.0,16377.0
User_70,132499.0,8251.0,16116.0
User_71,132190.0,7461.0,15037.0
User_72,131822.0,7820.0,15604.0
User_73,131148.0,9079.0,11234.0
User_74,131124.0,9673.0,11622.0
User_75,130608.0,7291.0,17369.0
User_76,129240.0,8067.0,15840.0
User_77,129070.0,8057.0,15826.0
User_78,129049.0,8056.0,15824.0
User_79,128322.0,8015.0,15762.0
User_80,128267.0,7238.0,13975.0
User_81,127904.0,8809.0,12894.0
User_82,127901.0,9982.0,18036.0
User_83,127269.0,5979.0,11157.0
User_84,126737.0,7705.0,14351.0
User_85,125713.0,9524.0,17463.0
User_86,125639.0,7863.0,15535.0
User_87,125603.0,7861.0,15532.0
User_88,125365.0,7808.0,16488.0
User_89,125072.0,7831.0,15487.0
User_90,124933.0,7823.0,15475.0
User_91,124272.0,7786.0,15419.0
User_92,124148.0,6160.0,7662.0
User_93,124387.0,8054.0,21504.0
User_94,123694.0,11215.0,24670.0
User_95,123300.0,7628.0,14740.0
User_96,122430.0,7682.0,15263.0
User_97,122359.0,6603.0,14011.0
User_98,122934.0,7864.0,17931.0
User_99,121885.0,7651.0,15217.0
User_100,121042.0,8964.0,10980.0
User_101,120648.0,7463.0,10933.0
User_102,120542.0,9165.0,25989.0
User_103,120359.0,7565.0,15088.0
User_104,119994.0,10016.0,25531.0
User_105,119904.0,8747.0,16450.0
User_106,119792.0,7533.0,15040.0
User_107,119390.0,7995.0,9962.0
User_108,132809.0,8268.0,16143.0
User_109,119132.0,7496.0,14984.0
User_110,119108.0,7494.0,14982.0
User_111,119138.0,7496.0,14984.0
User_112,118358.0,7452.0,14918.0
User_113,118314.0,10243.0,16419.0
User_114,118296.0,6163.0,13561.0
User_115,123474.0,8312.0,13719.0
User_116,117932.0,6485.0,15086.0
User_117,117551.0,9547.0,13218.0
User_118,117541.0,7985.0,15521.0
User_119,118440.0,5739.0,10679.0
User_120,116967.0,3947.0,12843.0
User_121,116376.0,8185.0,19616.0
User_122,121923.0,8314.0,15987.0
User_123,115771.0,7306.0,14699.0
User_124,115703.0,7493.0,14915.0
User_125,115684.0,11151.0,13005.0
User_126,115618.0,7297.0,14686.0
User_127,120618.0,7580.0,15110.0
User_128,115578.0,7295.0,14683.0
User_129,115230.0,7852.0,12264.0
User_130,114950.0,9517.0,19108.0
User_131,114355.0,8836.0,12515.0
User_132,114175.0,11523.0,15548.0
User_133,114028.0,4836.0,14549.0
User_134,113890.0,8290.0,15335.0
User_135,113872.0,7198.0,14538.0
User_136,113939.0,7202.0,14544.0
User_137,113811.0,7195.0,14533.0
User_138,116190.0,7329.0,14735.0
User_139,113894.0,8057.0,15534.0
User_140,113373.0,7815.0,12967.0
User_141,113305.0,7578.0,21403.0
User_142,112861.0,6414.0,10259.0
User_143,112392.0,7115.0,14413.0
User_144,112288.0,7969.0,15402.0
User_145,113102.0,7490.0,14862.0
User_146,111964.0,7091.0,14377.0
User_147,112199.0,6534.0,21031.0
User_148,112035.0,7095.0,14383.0
User_149,116234.0,6067.0,23970.0
User_150,111489.0,6395.0,10483.0
User_151,111403.0,7822.0,14032.0
User_152,111386.0,6696.0,13699.0
User_153,111190.0,6114.0,11829.0
User_154,111255.0,9413.0,20298.0
User_155,111016.0,8602.0,16111.0
User_156,111234.0,7072.0,11941.0
User_157,110678.0,7018.0,14268.0
User_158,110712.0,5286.0,10336.0
User_159,110323.0,6998.0,14238.0
User_160,110395.0,7715.0,10544.0
User_161,110243.0,6993.0,14231.0
User_162,110638.0,7016.0,14264.0
User_163,110134.0,6987.0,14222.0
User_164,109882.0,6216.0,13160.0
User_165,109976.0,8066.0,10857.0
User_166,109364.0,6944.0,14156.0
User_167,109261.0,6657.0,12528.0
User_168,109264.0,6768.0,13168.0
User_169,109483.0,8246.0,21806.0
User_170,108816.0,6913.0,14110.0
User_171,108959.0,6540.0,11924.0
User_172,108599.0,6901.0,14092.0
User_173,108391.0,6889.0,14074.0
User_174,108360.0,6887.0,14071.0
User_175,108299.0,5777.0,10336.0
User_176,107868.0,6859.0,14030.0
User_177,107872.0,5881.0,11687.0
User_178,107464.0,8054.0,21014.0
User_179,107929.0,6935.0,14455.0
User_180,110867.0,6448.0,13610.0
User_181,113093.0,7154.0,14472.0
User_182,107125.0,6817.0,13967.0
User_183,108292.0,7385.0,16954.0
User_184,106825.0,7095.0,18687.0
User_185,109845.0,6971.0,14197.0
User_186,106643.0,7431.0,13590.0
User_187,111307.0,7053.0,14321.0
User_188,106387.0,6776.0,13904.0
User_189,106292.0,8081.0,22201.0
User_190,106182.0,6764.0,13887.0
User_191,106811.0,5371.0,13027.0
User_192,105727.0,6738.0,13848.0
User_193,105601.0,6490.0,13558.0
User_194,105289.0,6259.0,9600.0
User_195,105233.0,7630.0,14873.0
User_196,106336.0,6773.0,13900.0
User_197,105067.0,5399.0,12163.0
User_198,104814.0,6687.0,13771.0
User_199,104803.0,6686.0,13770.0
User_200,104660.0,9762.0,17334.0
User_201,104648.0,6677.0,13757.0
User_202,104580.0,6673.0,13751.0
User_203,104507.0,6669.0,13745.0
User_204,120575.0,7577.0,15106.0
User_205,104436.0,4729.0,11753.0
User_206,104658.0,4997.0,10521.0
User_207,104291.0,8688.0,11755.0
User_208,104274.0,7660.0,14889.0
User_209,103942.0,9219.0,67615.0
User_210,105007.0,7106.0,11047.0
User_211,104742.0,6683.0,13765.0
User_212,103705.0,6624.0,13677.0
User_213,104180.0,6651.0,13717.0
User_214,103969.0,6639.0,13699.0
User_215,103008.0,4605.0,11696.0
User_216,103036.0,6586.0,13620.0
User_217,106677.0,6408.0,24094.0
User_218,102695.0,6567.0,13591.0
User_219,102645.0,6564.0,13587.0
User_220,102308.0,6545.0,13559.0
User_221,104587.0,9056.0,12853.0
User_222,102281.0,6544.0,13557.0
User_223,102342.0,4597.0,10458.0
User_224,103401.0,6607.0,13651.0
User_225,101990.0,7183.0,14292.0
User_226,101733.0,4509.0,11186.0
User_227,101444.0,6496.0,13485.0
User_228,101402.0,9202.0,11635.0
User_229,101349.0,6617.0,12859.0
User_230,101344.0,6491.0,13477.0
User_231,101245.0,6485.0,13469.0
User_232,101207.0,6483.0,13465.0
User_233,100951.0,7969.0,12730.0
User_234,101256.0,6465.0,13349.0
User_235,100844.0,5922.0,28506.0
User_236,100785.0,6459.0,13430.0
User_237,100774.0,6458.0,13429.0
User_238,100520.0,6444.0,13407.0
User_239,100358.0,7865.0,16741.0
User_240,100371.0,5856.0,13535.0
User_241,100319.0,6433.0,13390.0
User_242,100095.0,6420.0,13371.0
User_243,100085.0,6273.0,12936.0
User_244,100078.0,6419.0,13370.0
User_245,100580.0,6537.0,21124.0
User_246,103380.0,8302.0,23426.0
User_247,100227.0,7447.0,11232.0
User_248,99617.0,7901.0,11534.0
User_249,99285.0,9544.0,16978.0
User_250,99186.0,8384.0,12064.0
User_251,102046.0,3459.0,15518.0
User_252,99091.0,5783.0,9942.0
User_253,98940.0,7336.0,14411.0
User_254,99324.0,6376.0,13306.0
User_255,98398.0,6324.0,13227.0
User_256,98393.0,6324.0,13227.0
User_257,98251.0,6316.0,13215.0
User_258,98517.0,6331.0,13238.0
User_259,98530.0,7051.0,14073.0
User_260,98095.0,8503.0,17527.0
User_261,97909.0,9905.0,17371.0
User_262,97655.0,7357.0,16613.0
User_263,97590.0,6279.0,13159.0
User_264,97941.0,6298.0,13189.0
User_265,97454.0,6439.0,14120.0
User_266,97184.0,6256.0,13125.0
User_267,97176.0,6768.0,13719.0
User_268,99972.0,4310.0,8898.0
User_269,96909.0,5958.0,8571.0
User_270,97718.0,6569.0,13498.0
User_271,98079.0,5921.0,10981.0
User_272,96443.0,6214.0,13062.0
User_273,96550.0,3451.0,11822.0
User_274,96215.0,6047.0,12156.0
User_275,95987.0,6188.0,13023.0
User_276,95943.0,6185.0,13019.0
User_277,95780.0,6176.0,13006.0
User_278,95734.0,6174.0,13002.0
User_279,95556.0,6164.0,12987.0
User_280,95699.0,5763.0,11912.0
User_281,95507.0,6161.0,12983.0
User_282,95470.0,5833.0,12602.0
User_283,95391.0,6154.0,12973.0
User_284,95269.0,6555.0,15312.0
User_285,95101.0,4363.0,10890.0
User_286,94945.0,4888.0,11496.0
User_287,94825.0,6122.0,12925.0
User_288,94997.0,5740.0,10683.0
User_289,95215.0,5640.0,11291.0
User_290,94600.0,6110.0,12906.0
User_291,94566.0,5292.0,11683.0
User_292,94552.0,4920.0,12956.0
User_293,94589.0,6109.0,12905.0
User_294,94216.0,7923.0,31693.0
User_295,94194.0,4965.0,7829.0
User_296,93927.0,6072.0,12849.0
User_297,96853.0,6237.0,13097.0
User_298,93795.0,6064.0,12837.0
User_299,93930.0,5768.0,25063.0
User_300,93339.0,6038.0,12799.0
User_301,95157.0,8403.0,25989.0
User_302,93247.0,7711.0,13540.0
User_303,93820.0,4221.0,12266.0
User_304,93137.0,6027.0,12782.0
User_305,93145.0,6027.0,12782.0
User_306,93068.0,4893.0,11465.0
User_307,95119.0,6999.0,13947.0
User_308,92666.0,8021.0,24386.0
User_309,92659.0,6000.0,12741.0
User_310,93503.0,5102.0,13550.0
User_311,92864.0,5331.0,15622.0
User_312,92353.0,8321.0,15427.0
User_313,97082.0,7027.0,14017.0
User_314,93287.0,6035.0,12794.0
User_315,92237.0,6108.0,12035.0
User_316,91871.0,7425.0,11820.0
User_317,91791.0,6356.0,12440.0
User_318,91926.0,5698.0,11182.0
User_319,96077.0,4855.0,11479.0
User_320,91663.0,6766.0,18913.0
User_321,91586.0,5939.0,12650.0
User_322,91728.0,5570.0,12225.0
User_323,92152.0,4973.0,9528.0
User_324,93202.0,6031.0,12787.0
User_325,91091.0,5911.0,12608.0
User_326,91029.0,5908.0,12603.0
User_327,90962.0,5904.0,12597.0
User_328,90932.0,8587.0,12917.0
User_329,91056.0,5971.0,10816.0
User_330,91419.0,3967.0,13005.0
User_331,90852.0,5898.0,12588.0
User_332,91262.0,8178.0,15240.0
User_333,92305.0,5356.0,11988.0
User_334,90666.0,5279.0,11867.0
User_335,90634.0,5467.0,10160.0
User_336,90586.0,10694.0,11357.0
User_337,92705.0,7355.0,10877.0
User_338,91979.0,5322.0,14822.0
User_339,90477.0,7062.0,13931.0
User_340,90432.0,5874.0,12553.0
User_341,90280.0,6490.0,21079.0
User_342,90154.0,9185.0,12445.0
User_343,90284.0,6502.0,14016.0
User_344,89890.0,5720.0,11105.0
User_345,93747.0,6401.0,15927.0
User_346,89674.0,5707.0,11776.0
User_347,90433.0,8567.0,15676.0
User_348,89538.0,7266.0,20793.0
User_349,89523.0,11280.0,18804.0
User_350,90182.0,5860.0,12531.0
User_351,89372.0,8390.0,15450.0
User_352,89292.0,5810.0,12456.0
User_353,89119.0,4152.0,12940.0
User_354,88902.0,5035.0,10729.0
User_355,90789.0,5812.0,12524.0
User_356,88911.0,4204.0,13658.0
User_357,88672.0,4184.0,12746.0
User_358,88499.0,4996.0,11497.0
User_359,88375.0,5758.0,12378.0
User_360,90502.0,5211.0,10304.0
User_361,88312.0,6060.0,14216.0
User_362,88126.0,7813.0,10894.0
User_363,87969.0,7560.0,17948.0
User_364,92119.0,5969.0,12695.0
User_365,88204.0,2844.0,8843.0
User_366,89003.0,5713.0,11973.0
User_367,87940.0,5733.0,12341.0
User_368,87906.0,5326.0,10009.0
User_369,87542.0,7864.0,13772.0
User_370,87816.0,5726.0,12331.0
User_371,87324.0,6892.0,13152.0
User_372,87205.0,5214.0,8801.0
User_373,87190.0,5691.0,12278.0
User_374,87101.0,6599.0,10105.0
User_375,86985.0,3559.0,13427.0
User_376,90447.0,7205.0,14096.0
User_377,86977.0,4549.0,10950.0
User_378,86964.0,5678.0,12259.0
User_379,86956.0,6641.0,11794.0
User_380,86891.0,5674.0,12253.0
User_381,88593.0,6094.0,15112.0
User_382,86525.0,5653.0,12222.0
User_383,86424.0,5305.0,11816.0
User_384,86407.0,6642.0,17951.0
User_385,88859.0,5497.0,10764.0
User_386,86875.0,4895.0,9140.0
User_387,88421.0,8237.0,14080.0
User_388,86245.0,5419.0,19954.0
User_389,89032.0,4042.0,11750.0
User_390,85969.0,7093.0,13880.0
User_391,85950.0,5621.0,12173.0
User_392,85945.0,4208.0,16346.0
User_393,85938.0,4231.0,10561.0
User_394,85933.0,5524.0,11621.0
User_395,85933.0,3638.0,11244.0
User_396,85797.0,4740.0,11148.0
User_397,85941.0,6602.0,13310.0
User_398,86857.0,3810.0,16048.0
User_399,85468.0,5594.0,12132.0
User_400,85467.0,5226.0,10016.0
User_401,85638.0,11088.0,12448.0
User_402,88756.0,5779.0,12411.0
User_403,85115.0,5058.0,9055.0
User_404,86181.0,6293.0,15994.0
User_405,85024.0,6020.0,9466.0
User_406,85005.0,4756.0,11152.0
User_407,85766.0,5610.0,12157.0
User_408,93674.0,5518.0,12202.0
User_409,88344.0,5901.0,13215.0
User_410,84785.0,5555.0,12074.0
User_411,84744.0,5633.0,12540.0
User_412,85155.0,5833.0,13593.0
User_413,90377.0,5871.0,12548.0
User_414,84430.0,5743.0,10136.0
User_415,84668.0,5093.0,11536.0
User_416,85542.0,5598.0,12138.0
User_417,84792.0,4809.0,8704.0
User_418,84292.0,6727.0,13424.0
User_419,84244.0,5525.0,12028.0
User_420,84469.0,5548.0,18906.0
User_421,84563.0,5543.0,12055.0
User_422,84196.0,5522.0,12024.0
User_423,84557.0,5914.0,12486.0
User_424,84054.0,5514.0,12012.0
User_425,84045.0,5346.0,11133.0
User_426,84687.0,5550.0,12066.0
User_427,84754.0,5553.0,12072.0
User_428,84763.0,6297.0,12934.0
User_429,84039.0,5513.0,12011.0
User_430,83934.0,4432.0,10755.0
User_431,83619.0,6141.0,15735.0
User_432,83523.0,5484.0,11967.0
User_433,83376.0,4762.0,7849.0
User_434,83449.0,5198.0,10056.0
User_435,86416.0,5647.0,12212.0
User_436,83302.0,5471.0,11949.0
User_437,83208.0,5466.0,11941.0
User_438,83743.0,4520.0,16109.0
User_439,83173.0,3662.0,15139.0
User_440,83163.0,8050.0,10542.0
User_441,83102.0,4792.0,9766.0
User_442,84080.0,5327.0,10934.0
User_443,83057.0,5938.0,15531.0
User_444,83045.0,4823.0,8280.0
User_445,83036.0,5981.0,14954.0
User_446,82986.0,5443.0,11910.0
User_447,82979.0,5575.0,10425.0
User_448,82959.0,6679.0,13343.0
User_449,84127.0,6933.0,9492.0
User_450,82889.0,6811.0,15446.0
User_451,82881.0,4386.0,13472.0
User_452,84105.0,5067.0,11495.0
User_453,82710.0,5212.0,10601.0
User_454,82948.0,2809.0,13982.0
User_455,82575.0,5419.0,11827.0
User_456,82531.0,6887.0,23955.0
User_457,87756.0,7072.0,20901.0
User_458,82397.0,4722.0,11062.0
User_459,82113.0,6608.0,13244.0
User_460,84860.0,6186.0,11937.0
User_461,82151.0,5851.0,12367.0
User_462,81897.0,5392.0,11830.0
User_463,82056.0,5401.0,11843.0
User_464,81729.0,8220.0,10882.0
User_465,81722.0,4226.0,11498.0
User_466,81708.0,5445.0,10520.0
User_467,82136.0,3430.0,9696.0
User_468,81623.0,3854.0,10832.0
User_469,81884.0,8282.0,9254.0
User_470,81575.0,4738.0,8870.0
User_471,81516.0,3391.0,9502.0
User_472,81483.0,5369.0,11794.0
User_473,81449.0,4921.0,12587.0
User_474,81426.0,4065.0,28523.0
User_475,81688.0,7336.0,13964.0
User_476,81313.0,5607.0,15861.0
User_477,81291.0,5655.0,10644.0
User_478,82831.0,4899.0,11276.0
User_479,83016.0,5204.0,10483.0
User_480,82929.0,4408.0,8630.0
User_481,81201.0,4531.0,9953.0
User_482,81017.0,5342.0,11755.0
User_483,82562.0,5429.0,11886.0
User_484,82737.0,5439.0,11901.0
User_485,81038.0,4859.0,8583.0
User_486,80857.0,5333.0,11741.0
User_487,80825.0,5857.0,14775.0
User_488,80824.0,5331.0,11739.0
User_489,80753.0,3627.0,18226.0
User_490,80749.0,9083.0,16088.0
User_491,81791.0,6708.0,12102.0
User_492,80652.0,6976.0,17048.0
User_493,80588.0,5318.0,11719.0
User_494,89938.0,5606.0,12232.0
User_495,80515.0,4583.0,8605.0
User_496,80269.0,5622.0,8682.0
User_497,80476.0,7420.0,11485.0
User_498,80199.0,5296.0,11686.0
User_499,81398.0,5952.0,15182.0
User_500,80140.0,3973.0,12781.0
User_501,80102.0,5290.0,11677.0
User_502,80520.0,5314.0,11713.0
User_503,80070.0,5391.0,12268.0
User_504,80137.0,5431.0,12483.0
User_505,80065.0,5305.0,13664.0
User_506,80047.0,4998.0,9162.0
User_507,80046.0,10217.0,17390.0
User_508,80036.0,4497.0,9201.0
User_509,80000.0,5285.0,11669.0
User_510,80245.0,5178.0,11030.0
User_511,79868.0,5510.0,13762.0
User_512,79839.0,4478.0,10730.0
User_513,86578.0,5656.0,12226.0
User_514,79763.0,5271.0,11649.0
User_515,79720.0,4371.0,9831.0
User_516,79661.0,4188.0,9435.0
User_517,79648.0,5265.0,11639.0
User_518,80889.0,5500.0,12698.0
User_519,79548.0,2564.0,8505.0
User_520,81435.0,5366.0,11790.0
User_521,79500.0,5036.0,10361.0
User_522,80042.0,4514.0,10014.0
User_523,85396.0,5590.0,12126.0
User_524,79826.0,5284.0,11715.0
User_525,79289.0,3503.0,9990.0
User_526,79262.0,5243.0,11606.0
User_527,79212.0,6360.0,12415.0
User_528,79257.0,6019.0,16084.0
User_529,79111.0,5683.0,12114.0
User_530,799.0,810.0,4959.0
User_531,79051.0,4337.0,10552.0
User_532,78986.0,5049.0,10562.0
User_533,78817.0,3768.0,10903.0
User_534,79660.0,4426.0,10396.0
User_535,78749.0,3368.0,13348.0
User_536,78732.0,5213.0,11561.0
User_537,78732.0,5198.0,8600.0
User_538,78679.0,5210.0,11557.0
User_539,79518.0,5360.0,12224.0
User_540,78565.0,5204.0,11547.0
User_541,78563.0,5204.0,11547.0
User_542,78626.0,4507.0,12085.0
User_543,80380.0,7315.0,24487.0
User_544,79478.0,5019.0,12030.0
User_545,78729.0,6812.0,13416.0
User_546,78352.0,4010.0,7566.0
User_547,78289.0,5188.0,11524.0
User_548,78292.0,2826.0,8785.0
User_549,78242.0,7087.0,13035.0
User_550,78224.0,5184.0,11518.0
User_551,78179.0,3413.0,9463.0
User_552,78095.0,5177.0,11507.0
User_553,77997.0,5172.0,11499.0
User_554,77992.0,6353.0,6987.0
User_555,79309.0,5196.0,22048.0
User_556,77987.0,5110.0,11151.0
User_557,77852.0,5163.0,11487.0
User_558,77712.0,6754.0,13329.0
User_559,77676.0,6356.0,8287.0
User_560,77615.0,4710.0,12200.0
User_561,77599.0,5149.0,11465.0
User_562,77522.0,7094.0,9790.0
User_563,78641.0,5047.0,10631.0
User_564,78785.0,5216.0,11566.0
User_565,77436.0,6554.0,9154.0
User_566,77413.0,4665.0,10740.0
User_567,77372.0,4749.0,9222.0
User_568,77829.0,5194.0,11676.0
User_569,80233.0,5014.0,8887.0
User_570,77249.0,5129.0,11436.0
User_571,77235.0,5129.0,11435.0
User_572,78504.0,5105.0,13809.0
User_573,77193.0,9065.0,15345.0
User_574,77160.0,5124.0,11428.0
User_575,77120.0,5122.0,11425.0
User_576,77089.0,7924.0,11497.0
User_577,77078.0,5120.0,11421.0
User_578,78556.0,5203.0,11546.0
User_579,77217.0,5127.0,11433.0
User_580,77006.0,3612.0,8343.0
User_581,76912.0,6804.0,13371.0
User_582,76822.0,4862.0,10007.0
User_583,76791.0,5103.0,11397.0
User_584,76965.0,5444.0,13325.0
User_585,76720.0,4384.0,7272.0
User_586,76616.0,4025.0,14642.0
User_587,77101.0,5121.0,11423.0
User_588,76687.0,7223.0,11907.0
User_589,76535.0,3932.0,8636.0
User_590,76951.0,7517.0,9234.0
User_591,87107.0,5686.0,12271.0
User_592,76412.0,4983.0,10803.0
User_593,76514.0,6928.0,12215.0
User_594,76387.0,5081.0,11363.0
User_595,76384.0,5789.0,21929.0
User_596,76316.0,3184.0,11772.0
User_597,76143.0,5606.0,9829.0
User_598,89727.0,4968.0,13685.0
User_599,76034.0,5583.0,10768.0
User_600,76138.0,2601.0,6675.0
User_601,76241.0,5072.0,11350.0
User_602,76768.0,5358.0,11692.0
User_603,75913.0,4594.0,8681.0
User_604,78780.0,5216.0,11565.0
User_605,75786.0,4825.0,10043.0
User_606,76220.0,8548.0,12729.0
User_607,77466.0,6344.0,18080.0
User_608,75741.0,5044.0,11308.0
User_609,75712.0,5042.0,11306.0
User_610,75606.0,4124.0,14154.0
User_611,75841.0,3164.0,9130.0
User_612,75952.0,4059.0,10170.0
User_613,75532.0,5032.0,11290.0
User_614,75526.0,5607.0,11957.0
User_615,75524.0,5495.0,13963.0
User_616,75293.0,5294.0,12860.0
User_617,75750.0,6176.0,17834.0
User_618,75240.0,6099.0,12542.0
User_619,75145.0,2574.0,8432.0
User_620,76039.0,5061.0,11333.0
User_621,75086.0,4225.0,20679.0
User_622,76484.0,3391.0,9405.0
User_623,75016.0,5311.0,13026.0
User_624,74916.0,6046.0,17287.0
User_625,77172.0,5125.0,11429.0
User_626,74851.0,4580.0,8857.0
User_627,74835.0,3133.0,10000.0
User_628,74597.0,5224.0,11495.0
User_629,74518.0,4820.0,11025.0
User_630,74917.0,4998.0,11238.0
User_631,74397.0,6267.0,9949.0
User_632,75613.0,4558.0,10742.0
User_633,74339.0,3542.0,9735.0
User_634,77455.0,4216.0,11035.0
User_635,74260.0,4960.0,11183.0
User_636,74254.0,3497.0,9323.0
User_637,77367.0,4991.0,10481.0
User_638,74135.0,4360.0,10484.0
User_639,75253.0,5017.0,11267.0
User_640,74070.0,4950.0,11166.0
User_641,74050.0,4682.0,9636.0
User_642,74158.0,4955.0,11174.0
User_643,74259.0,4960.0,11182.0
User_644,76691.0,5744.0,15116.0
User_645,73925.0,4963.0,9647.0
User_646,77318.0,5133.0,11442.0
User_647,73891.0,4492.0,8581.0
User_648,75808.0,5048.0,11314.0
User_649,73921.0,5526.0,15042.0
User_650,76164.0,6213.0,10626.0
User_651,74575.0,7736.0,12200.0
User_652,73739.0,4503.0,20926.0
User_653,73726.0,5281.0,13166.0
User_654,73715.0,4930.0,11136.0
User_655,73714.0,4930.0,11136.0
User_656,74412.0,4969.0,11195.0
User_657,73699.0,5447.0,14704.0
User_658,72700.0,4707.0,11244.0
User_659,72700.0,4872.0,11050.0
User_660,73501.0,4918.0,11118.0
User_661,72685.0,4871.0,11049.0
User_662,72699.0,4872.0,11050.0
User_663,72624.0,6010.0,10345.0
User_664,72939.0,3592.0,9570.0
User_665,72919.0,4885.0,11069.0
User_666,72570.0,4035.0,10077.0
User_667,72568.0,4865.0,11039.0
User_668,72547.0,4864.0,11037.0
User_669,72496.0,4861.0,11033.0
User_670,72491.0,4338.0,11060.0
User_671,72481.0,5183.0,12900.0
User_672,102953.0,6582.0,13613.0
User_673,72447.0,4325.0,7963.0
User_674,72407.0,4856.0,11026.0
User_675,72397.0,5012.0,8551.0
User_676,73998.0,4946.0,11160.0
User_677,72705.0,6163.0,9633.0
User_678,72310.0,5433.0,14384.0
User_679,72484.0,4492.0,10605.0
User_680,72246.0,4847.0,11012.0
User_681,72231.0,4846.0,11011.0
User_682,72229.0,3113.0,18112.0
User_683,72229.0,5166.0,9790.0
User_684,72374.0,4854.0,11023.0
User_685,73399.0,4814.0,10552.0
User_686,75638.0,3631.0,8232.0
User_687,72029.0,4131.0,6946.0
User_688,72003.0,4833.0,10991.0
User_689,71996.0,3884.0,9891.0
User_690,73163.0,5096.0,12235.0
User_691,71949.0,4991.0,17182.0
User_692,71908.0,4828.0,10983.0
User_693,71890.0,4827.0,10982.0
User_694,71847.0,3164.0,6144.0
User_695,71841.0,4667.0,10796.0
User_696,71722.0,4817.0,10968.0
User_697,71712.0,4530.0,9322.0
User_698,71704.0,5223.0,12225.0
User_699,71760.0,4674.0,10802.0
User_700,71682.0,2047.0,8380.0
User_701,71652.0,4813.0,10962.0
User_702,71687.0,6269.0,12651.0
User_703,71714.0,3764.0,9742.0
User_704,71618.0,4811.0,10959.0
User_705,71500.0,4804.0,10949.0
User_706,72364.0,4228.0,10297.0
User_707,71474.0,5927.0,12250.0
User_708,81601.0,4871.0,11220.0
User_709,71434.0,4801.0,10943.0
User_710,71748.0,4833.0,11059.0
User_711,71424.0,4081.0,10108.0
User_712,71398.0,5804.0,12106.0
User_713,74006.0,4755.0,10653.0
User_714,71340.0,5128.0,8992.0
User_715,71316.0,4742.0,9298.0
User_716,71308.0,5002.0,11174.0
User_717,71261.0,6140.0,5930.0
User_718,71257.0,4103.0,8742.0
User_719,71242.0,2375.0,7312.0
User_720,71231.0,5260.0,11472.0
User_721,71211.0,4788.0,10924.0
User_722,71182.0,5063.0,10932.0
User_723,71173.0,4786.0,10921.0
User_724,76843.0,5106.0,11401.0
User_725,71049.0,4779.0,10910.0
User_726,71049.0,4823.0,9354.0
User_727,70978.0,5105.0,10832.0
User_728,71495.0,5413.0,14463.0
User_729,70888.0,4927.0,8451.0
User_730,70882.0,2949.0,10347.0
User_731,70873.0,3337.0,9235.0
User_732,70867.0,4769.0,10895.0
User_733,70833.0,4767.0,10892.0
User_734,70793.0,6343.0,12938.0
User_735,70753.0,4762.0,10885.0
User_736,70734.0,4060.0,10071.0
User_737,71871.0,4825.0,10980.0
User_738,71769.0,5442.0,11693.0
User_739,70925.0,4772.0,10900.0
User_740,70682.0,4758.0,10879.0
User_741,70647.0,2912.0,7329.0
User_742,81953.0,5395.0,11834.0
User_743,70611.0,2641.0,9017.0
User_744,74006.0,4583.0,13649.0
User_745,70531.0,4750.0,10867.0
User_746,70411.0,3740.0,15900.0
User_747,72804.0,4838.0,10260.0
User_748,70369.0,5503.0,9022.0
User_749,70346.0,4014.0,8134.0
User_750,70295.0,4235.0,14493.0
User_751,70247.0,4495.0,9473.0
User_752,70134.0,4492.0,10560.0
User_753,70122.0,4727.0,10832.0
User_754,70005.0,4720.0,10822.0
User_755,69993.0,6434.0,11273.0
User_756,69985.0,4045.0,12258.0
User_757,71379.0,5570.0,11834.0
User_758,71402.0,4287.0,11438.0
User_759,74964.0,4423.0,11942.0
User_760,69880.0,4480.0,9477.0
User_761,69850.0,6304.0,19995.0
User_762,69795.0,4708.0,10804.0
User_763,69792.0,4916.0,11045.0
User_764,72520.0,6358.0,9663.0
User_765,69924.0,3976.0,6561.0
User_766,69752.0,4706.0,10801.0
User_767,69739.0,5343.0,11539.0
User_768,69806.0,3707.0,9568.0
User_769,70118.0,4726.0,10832.0
User_770,70320.0,5782.0,12060.0
User_771,69588.0,4696.0,10787.0
User_772,69564.0,3357.0,9233.0
User_773,69556.0,4435.0,9295.0
User_774,69556.0,3406.0,9290.0
User_775,69506.0,5315.0,10270.0
User_776,69475.0,4386.0,8068.0
User_777,69426.0,4687.0,10773.0
User_778,69423.0,4687.0,10773.0
User_779,69889.0,4713.0,10812.0
User_780,69916.0,4695.0,10705.0
User_781,69363.0,4684.0,10768.0
User_782,69295.0,4680.0,10762.0
User_783,69249.0,4677.0,10758.0
User_784,70258.0,4328.0,11195.0
User_785,70350.0,4627.0,10211.0
User_786,69152.0,4672.0,10750.0
User_787,70010.0,4720.0,10822.0
User_788,69735.0,4705.0,10799.0
User_789,69105.0,4669.0,10746.0
User_790,69062.0,3781.0,8426.0
User_791,69040.0,5976.0,12260.0
User_792,69028.0,5057.0,12340.0
User_793,69403.0,4686.0,10771.0
User_794,68977.0,4662.0,10735.0
User_795,68945.0,4660.0,10732.0
User_796,68938.0,4135.0,22720.0
User_797,68924.0,2665.0,9487.0
User_798,69823.0,4710.0,10807.0
User_799,68978.0,7333.0,13833.0
User_800,69078.0,4904.0,12111.0
User_801,69652.0,4845.0,14039.0
User_802,68816.0,4653.0,10721.0
User_803,68746.0,6970.0,24100.0
User_804,68736.0,4934.0,12371.0
User_805,68718.0,3767.0,8543.0
User_806,68706.0,2575.0,9263.0
User_807,71320.0,5521.0,11776.0
User_808,70427.0,5344.0,11554.0
User_809,68820.0,4653.0,10722.0
User_810,68572.0,2025.0,6057.0
User_811,68569.0,4639.0,10700.0
User_812,68526.0,4636.0,10697.0
User_813,68463.0,4633.0,10691.0
User_814,68463.0,2737.0,7674.0
User_815,73822.0,3407.0,9373.0
User_816,68442.0,3813.0,8142.0
User_817,68417.0,4532.0,16374.0
User_818,68409.0,4630.0,10687.0
User_819,69000.0,3606.0,10100.0
User_820,68367.0,4627.0,10683.0
User_821,68365.0,4627.0,10683.0
User_822,68338.0,4378.0,10393.0
User_823,68308.0,4624.0,10678.0
User_824,68225.0,4619.0,10671.0
User_825,70156.0,4729.0,10835.0
User_826,68486.0,3072.0,11581.0
User_827,68150.0,3552.0,8120.0
User_828,68484.0,7913.0,13656.0
User_829,68766.0,4095.0,7525.0
User_830,69198.0,4698.0,10252.0
User_831,69152.0,4672.0,10750.0
User_832,68073.0,6528.0,12882.0
User_833,68066.0,5141.0,11273.0
User_834,68219.0,4619.0,10671.0
User_835,70658.0,6044.0,9527.0
User_836,67939.0,3694.0,8035.0
User_837,68231.0,7014.0,15288.0
User_838,67893.0,3968.0,10198.0
User_839,67881.0,3782.0,9693.0
User_840,67836.0,3004.0,9696.0
User_841,70831.0,4767.0,10892.0
User_842,67913.0,4602.0,10645.0
User_843,74857.0,3369.0,9348.0
User_844,70748.0,4762.0,10885.0
User_845,67756.0,4037.0,9706.0
User_846,67755.0,6510.0,18580.0
User_847,67744.0,3141.0,8328.0
User_848,67729.0,4302.0,17317.0
User_849,67699.0,4590.0,10627.0
User_850,69084.0,5033.0,12857.0
User_851,67637.0,4586.0,10621.0
User_852,67635.0,4352.0,9238.0
User_853,68499.0,3505.0,10233.0
User_854,67614.0,4585.0,10619.0
User_855,67601.0,6254.0,11546.0
User_856,68237.0,4173.0,10881.0
User_857,68340.0,4626.0,10681.0
User_858,67590.0,3949.0,6972.0
User_859,67563.0,4582.0,10615.0
User_860,67780.0,4548.0,10374.0
User_861,67544.0,5953.0,19973.0
User_862,67573.0,4801.0,21608.0
User_863,67538.0,4581.0,10613.0
User_864,67524.0,4580.0,10612.0
User_865,67518.0,4580.0,10611.0
User_866,67481.0,4156.0,8191.0
User_867,70441.0,4745.0,10859.0
User_868,69290.0,4680.0,10761.0
User_869,67404.0,4033.0,8941.0
User_870,67675.0,4588.0,10625.0
User_871,68917.0,4893.0,10820.0
User_872,67368.0,7477.0,14344.0
User_873,67359.0,4571.0,10598.0
User_874,67354.0,4570.0,10597.0
User_875,68285.0,4999.0,10461.0
User_876,69538.0,4694.0,10782.0
User_877,67228.0,4563.0,10587.0
User_878,67219.0,3510.0,10624.0
User_879,67192.0,5541.0,7584.0
User_880,67167.0,3349.0,12822.0
User_881,67154.0,4559.0,10581.0
User_882,67158.0,3190.0,8993.0
User_883,67028.0,5337.0,11480.0
User_884,67027.0,4099.0,7968.0
User_885,66906.0,3941.0,8527.0
User_886,67954.0,4604.0,10648.0
User_887,66849.0,3152.0,6537.0
User_888,66977.0,4255.0,10225.0
User_889,66831.0,3319.0,9021.0
User_890,66819.0,2019.0,10721.0
User_891,66792.0,6378.0,11272.0
User_892,66766.0,4390.0,7472.0
User_893,66762.0,4453.0,13596.0
User_894,66752.0,4536.0,10546.0
User_895,66716.0,4352.0,9504.0
User_896,66714.0,3888.0,12178.0
User_897,66693.0,4959.0,9783.0
User_898,67131.0,4558.0,10579.0
User_899,66780.0,5726.0,6875.0
User_900,67628.0,4586.0,10621.0
User_901,66700.0,4533.0,10542.0
User_902,66779.0,4301.0,10274.0
User_903,66635.0,3201.0,8639.0
User_904,66472.0,2683.0,10915.0
User_905,66728.0,4279.0,8477.0
User_906,70186.0,4730.0,10837.0
User_907,66402.0,4516.0,10517.0
User_908,66755.0,4536.0,10547.0
User_909,66797.0,3729.0,11086.0
User_910,66363.0,4514.0,10514.0
User_911,66340.0,3754.0,5321.0
User_912,66311.0,4511.0,10509.0
User_913,66412.0,4295.0,8923.0
User_914,66274.0,4297.0,9294.0
User_915,66262.0,4509.0,10505.0
User_916,66216.0,2956.0,12364.0
User_917,66206.0,3346.0,9156.0
User_918,66444.0,4519.0,10520.0
User_919,66190.0,4478.0,10355.0
User_920,66179.0,3650.0,9839.0
User_921,66331.0,3063.0,8830.0
User_922,66127.0,4501.0,10494.0
User_923,66127.0,3922.0,10437.0
User_924,66099.0,3200.0,8779.0
User_925,66087.0,4499.0,10490.0
User_926,66292.0,3118.0,8893.0
User_927,66623.0,3872.0,9843.0
User_928,66047.0,4496.0,10487.0
User_929,66026.0,4495.0,10485.0
User_930,65994.0,4493.0,10482.0
User_931,65978.0,4050.0,7942.0
User_932,66110.0,4500.0,10492.0
User_933,65863.0,4486.0,10471.0
User_934,65848.0,4704.0,14891.0
User_935,65846.0,4248.0,9114.0
User_936,65809.0,4483.0,10467.0
User_937,66100.0,4499.0,10491.0
User_938,65901.0,5749.0,8805.0
User_939,66312.0,4169.0,7458.0
User_940,379649.0,21010.0,30026.0
User_941,357870.0,20984.0,35209.0
User_942,351847.0,12109.0,16917.0
User_943,282247.0,11058.0,18389.0
User_944,281412.0,17064.0,29196.0
User_945,273258.0,23949.0,37024.0
User_946,238458.0,13347.0,19928.0
User_947,234079.0,12725.0,25544.0
User_948,228665.0,13233.0,32318.0
User_949,222504.0,13336.0,23741.0
User_950,214353.0,14119.0,53768.0
User_951,213352.0,12819.0,22966.0
User_952,213459.0,11229.0,18795.0
User_953,207112.0,5444.0,15709.0
User_954,204907.0,12342.0,22251.0
User_955,204860.0,7712.0,16881.0
User_956,200826.0,16064.0,25246.0
User_957,199933.0,12061.0,21829.0
User_958,203954.0,10995.0,20603.0
User_959,196553.0,11870.0,21543.0
User_960,192487.0,11640.0,21198.0
User_961,192417.0,10716.0,19513.0
User_962,192113.0,11464.0,20987.0
User_963,191775.0,13067.0,29648.0
User_964,193514.0,15604.0,17980.0
User_965,186476.0,9153.0,16642.0
User_966,186122.0,9720.0,33048.0
User_967,183647.0,6942.0,10063.0
User_968,183487.0,10866.0,20128.0
User_969,182857.0,9298.0,16465.0
User_970,182506.0,11076.0,20353.0
User_971,178429.0,11585.0,20865.0
User_972,178172.0,10809.0,19960.0
User_973,177314.0,10783.0,19913.0
User_974,176505.0,10737.0,19844.0
User_975,176723.0,12975.0,22444.0
User_976,181806.0,10790.0,16953.0
User_977,174932.0,12263.0,39756.0
User_978,174620.0,10631.0,19685.0
User_979,173633.0,10575.0,19601.0
User_980,173535.0,9061.0,18163.0
User_981,173419.0,10094.0,22998.0
User_982,177250.0,7647.0,15045.0
User_983,168425.0,11987.0,18278.0
User_984,167146.0,11158.0,20153.0
User_985,166820.0,7674.0,13994.0
User_986,165954.0,10584.0,20926.0
User_987,166391.0,9012.0,17650.0
User_988,164114.0,10037.0,18795.0
User_989,163286.0,9990.0,18725.0
User_990,164256.0,9656.0,17578.0
User_991,162689.0,11246.0,34922.0
User_992,162660.0,10393.0,24661.0
User_993,161530.0,13594.0,18270.0
User_994,161094.0,10007.0,13987.0
User_995,160147.0,8373.0,16789.0
User_996,159636.0,7968.0,14219.0
User_997,158003.0,9692.0,18277.0
User_998,158112.0,9698.0,18286.0
User_999,157420.0,9659.0,18228.0
User_1000,157226.0,11672.0,20559.0
User_1001,155384.0,9544.0,18055.0
User_1002,155303.0,11195.0,20241.0
User_1003,154743.0,9375.0,21351.0
User_1004,154197.0,7877.0,12734.0
User_1005,153509.0,9381.0,17830.0
User_1006,152929.0,9405.0,17847.0
User_1007,153085.0,9414.0,17860.0
User_1008,151713.0,9336.0,17744.0
User_1009,151482.0,12104.0,20740.0
User_1010,151382.0,9318.0,17716.0
User_1011,151106.0,10738.0,19358.0
User_1012,158483.0,7231.0,16853.0
User_1013,150924.0,9709.0,9475.0
User_1014,150783.0,8455.0,15180.0
User_1015,150125.0,8247.0,26650.0
User_1016,150048.0,8560.0,26242.0
User_1017,149985.0,5612.0,13253.0
User_1018,149891.0,10339.0,23948.0
User_1019,149846.0,9231.0,17586.0
User_1020,149260.0,11065.0,22899.0
User_1021,148003.0,7752.0,14611.0
User_1022,147801.0,9115.0,17413.0
User_1023,147453.0,3753.0,17422.0
User_1024,147385.0,6894.0,14829.0
User_1025,147376.0,9642.0,21113.0
User_1026,147857.0,9118.0,17417.0
User_1027,147381.0,9092.0,17377.0
User_1028,147111.0,7085.0,26776.0
User_1029,147050.0,8587.0,16786.0
User_1030,146396.0,11146.0,14001.0
User_1031,146256.0,9028.0,17282.0
User_1032,146044.0,9016.0,17264.0
User_1033,145936.0,10444.0,25507.0
User_1034,145222.0,8589.0,14992.0
User_1035,146490.0,8430.0,18212.0
User_1036,144666.0,8938.0,17147.0
User_1037,144055.0,8904.0,17095.0
User_1038,143819.0,9523.0,18185.0
User_1039,143558.0,6818.0,14667.0
User_1040,143354.0,8864.0,17036.0
User_1041,142672.0,9912.0,20505.0
User_1042,144541.0,8931.0,17137.0
User_1043,142145.0,8934.0,17723.0
User_1044,141327.0,8750.0,16864.0
User_1045,140708.0,12112.0,20752.0
User_1046,141682.0,10813.0,19264.0
User_1047,145361.0,8666.0,16845.0
User_1048,140131.0,8682.0,16763.0
User_1049,139863.0,8667.0,16740.0
User_1050,139767.0,8661.0,16732.0
User_1051,139270.0,9529.0,17729.0
User_1052,139094.0,8623.0,16675.0
User_1053,138681.0,8600.0,16640.0
User_1054,138979.0,8617.0,16665.0
User_1055,138160.0,10183.0,18466.0
User_1056,137829.0,8552.0,16568.0
User_1057,137421.0,14647.0,29782.0
User_1058,137293.0,9062.0,14200.0
User_1059,137279.0,10487.0,18801.0
User_1060,137030.0,10168.0,28009.0
User_1061,136429.0,8035.0,12715.0
User_1062,136319.0,8467.0,16440.0
User_1063,136267.0,6882.0,15684.0
User_1064,135873.0,11334.0,13926.0
User_1065,135562.0,9663.0,17813.0
User_1066,135365.0,8886.0,16908.0
User_1067,135074.0,9434.0,27105.0
User_1068,134745.0,8378.0,16307.0
User_1069,134554.0,10418.0,14920.0
User_1070,135247.0,10121.0,18338.0
User_1071,134562.0,8384.0,14788.0
User_1072,133765.0,6145.0,13699.0
User_1073,133193.0,8290.0,16175.0
User_1074,132998.0,4996.0,11326.0
User_1075,132952.0,6901.0,11545.0
User_1076,132714.0,8263.0,16135.0
User_1077,132314.0,8240.0,16101.0
User_1078,132221.0,9533.0,12940.0
User_1079,131577.0,8199.0,16038.0
User_1080,135131.0,8399.0,16339.0
User_1081,132184.0,7461.0,15019.0
User_1082,131180.0,8176.0,16005.0
User_1083,131086.0,8171.0,15997.0
User_1084,140651.0,8711.0,16807.0
User_1085,130612.0,11211.0,29371.0
User_1086,130563.0,8141.0,15952.0
User_1087,131302.0,9375.0,17397.0
User_1088,130339.0,9124.0,13882.0
User_1089,130209.0,13835.0,18998.0
User_1090,130260.0,10124.0,16720.0
User_1091,131169.0,8176.0,16004.0
User_1092,131253.0,7641.0,16825.0
User_1093,129754.0,8096.0,15884.0
User_1094,129756.0,6788.0,16789.0
User_1095,129558.0,8535.0,16389.0
User_1096,129151.0,8206.0,16661.0
User_1097,129019.0,8325.0,27387.0
User_1098,128919.0,16482.0,25593.0
User_1099,128896.0,8047.0,15811.0
User_1100,128608.0,9389.0,17362.0
User_1101,136766.0,8492.0,16478.0
User_1102,128036.0,6163.0,13759.0
User_1103,127803.0,7985.0,15719.0
User_1104,127746.0,10752.0,31669.0
User_1105,127919.0,7868.0,15010.0
User_1106,127399.0,7963.0,15684.0
User_1107,127081.0,10055.0,18105.0
User_1108,127040.0,8116.0,13456.0
User_1109,126968.0,7938.0,15648.0
User_1110,126874.0,14629.0,23405.0
User_1111,126000.0,7884.0,15566.0
User_1112,125513.0,7856.0,15525.0
User_1113,125318.0,7845.0,15508.0
User_1114,125175.0,7837.0,15496.0
User_1115,125067.0,8695.0,12939.0
User_1116,124788.0,7815.0,15463.0
User_1117,124576.0,14683.0,10644.0
User_1118,123998.0,8174.0,13168.0
User_1119,123978.0,8725.0,13722.0
User_1120,123911.0,11355.0,36069.0
User_1121,123910.0,5585.0,9705.0
User_1122,125279.0,7843.0,15505.0
User_1123,123580.0,6048.0,12508.0
User_1124,124669.0,7808.0,15453.0
User_1125,122960.0,9453.0,16483.0
User_1126,122746.0,8422.0,26040.0
User_1127,122754.0,7700.0,15291.0
User_1128,122519.0,6959.0,14427.0
User_1129,122902.0,7661.0,15026.0
User_1130,122195.0,5479.0,14805.0
User_1131,122151.0,7666.0,15240.0
User_1132,122019.0,7659.0,15229.0
User_1133,122010.0,6411.0,11544.0
User_1134,121847.0,7649.0,15214.0
User_1135,121786.0,6891.0,18176.0
User_1136,121781.0,7645.0,15208.0
User_1137,121659.0,8516.0,16647.0
User_1138,121666.0,8073.0,17258.0
User_1139,121773.0,8605.0,16321.0
User_1140,121439.0,6272.0,16265.0
User_1141,121302.0,9393.0,25393.0
User_1142,121013.0,5850.0,13413.0
User_1143,120950.0,7598.0,15138.0
User_1144,120894.0,10142.0,14212.0
User_1145,120727.0,7586.0,15119.0
User_1146,120418.0,7568.0,15093.0
User_1147,122288.0,7674.0,15251.0
User_1148,121542.0,8028.0,17470.0
User_1149,120119.0,7551.0,15068.0
User_1150,120020.0,7085.0,14846.0
User_1151,119903.0,7539.0,15049.0
User_1152,119909.0,10487.0,18468.0
User_1153,125794.0,7872.0,15548.0
User_1154,119577.0,8597.0,10217.0
User_1155,119549.0,8349.0,16896.0
User_1156,119829.0,7535.0,15043.0
User_1157,119885.0,5926.0,19494.0
User_1158,119134.0,10831.0,37070.0
User_1159,118867.0,10235.0,18760.0
User_1160,121861.0,7996.0,15617.0
User_1161,119116.0,2557.0,10290.0
User_1162,118603.0,7466.0,14939.0
User_1163,118378.0,7116.0,17835.0
User_1164,118466.0,7458.0,14928.0
User_1165,118208.0,7443.0,14906.0
User_1166,118149.0,7440.0,14901.0
User_1167,118113.0,7365.0,17898.0
User_1168,118326.0,6501.0,13879.0
User_1169,117873.0,7424.0,14877.0
User_1170,117789.0,5605.0,11254.0
User_1171,117724.0,5272.0,12378.0
User_1172,119063.0,6380.0,13689.0
User_1173,117679.0,7413.0,14861.0
User_1174,117301.0,7392.0,14829.0
User_1175,117293.0,7494.0,12573.0
User_1176,116726.0,7253.0,14656.0
User_1177,119084.0,4142.0,11839.0
User_1178,116485.0,6502.0,9891.0
User_1179,116208.0,7330.0,14736.0
User_1180,118358.0,7452.0,14918.0
User_1181,115997.0,7583.0,16241.0
User_1182,115971.0,6077.0,15736.0
User_1183,115964.0,12335.0,20535.0
User_1184,115888.0,6513.0,10101.0
User_1185,115853.0,13010.0,27379.0
User_1186,116621.0,5719.0,13805.0
User_1187,115790.0,6843.0,12025.0
User_1188,115749.0,9036.0,16440.0
User_1189,116190.0,7329.0,14735.0
User_1190,117484.0,7402.0,14844.0
User_1191,115833.0,7309.0,14704.0
User_1192,115445.0,7287.0,14672.0
User_1193,115433.0,7809.0,15256.0
User_1194,115406.0,8209.0,16009.0
User_1195,115384.0,7284.0,14666.0
User_1196,115374.0,7283.0,14666.0
User_1197,115251.0,5784.0,20093.0
User_1198,115186.0,7273.0,14650.0
User_1199,115110.0,7047.0,18285.0
User_1200,115109.0,7092.0,14176.0
User_1201,115107.0,6337.0,9273.0
User_1202,115070.0,5915.0,14462.0
User_1203,114952.0,4668.0,10649.0
User_1204,114927.0,7258.0,14628.0
User_1205,120419.0,7568.0,15093.0
User_1206,114486.0,6570.0,14508.0
User_1207,114446.0,9580.0,28122.0
User_1208,114156.0,6611.0,13908.0
User_1209,115211.0,7274.0,14652.0
User_1210,113986.0,7205.0,14548.0
User_1211,113975.0,7204.0,14547.0
User_1212,113931.0,8178.0,12341.0
User_1213,113859.0,9362.0,14981.0
User_1214,113817.0,10027.0,17818.0
User_1215,113673.0,8015.0,15482.0
User_1216,113697.0,6648.0,14645.0
User_1217,115201.0,7273.0,14651.0
User_1218,113646.0,11531.0,29196.0
User_1219,113409.0,8391.0,14166.0
User_1220,113244.0,7163.0,14485.0
User_1221,113210.0,5449.0,11445.0
User_1222,114181.0,7216.0,14565.0
User_1223,113114.0,7488.0,12459.0
User_1224,113034.0,7151.0,14467.0
User_1225,113010.0,9434.0,17114.0
User_1226,112869.0,7142.0,14453.0
User_1227,113154.0,7377.0,23828.0
User_1228,112734.0,6676.0,11594.0
User_1229,118061.0,7435.0,14893.0
User_1230,113093.0,7154.0,14472.0
User_1231,112293.0,7072.0,14187.0
User_1232,112202.0,7104.0,14397.0
User_1233,112020.0,7370.0,18643.0
User_1234,111987.0,4028.0,10825.0
User_1235,111916.0,4538.0,9806.0
User_1236,112715.0,7360.0,14704.0
User_1237,111928.0,7089.0,14374.0
User_1238,112214.0,7105.0,14398.0
User_1239,112889.0,7143.0,14455.0
User_1240,111709.0,7076.0,14355.0
User_1241,111486.0,7064.0,14336.0
User_1242,111236.0,7049.0,14315.0
User_1243,111154.0,7046.0,11609.0
User_1244,111044.0,7039.0,14299.0
User_1245,110975.0,7035.0,14293.0
User_1246,111124.0,7550.0,17226.0
User_1247,110915.0,7031.0,14288.0
User_1248,110967.0,7034.0,14292.0
User_1249,110987.0,5794.0,12854.0
User_1250,110775.0,7023.0,14276.0
User_1251,111427.0,6577.0,13771.0
User_1252,110671.0,7018.0,14267.0
User_1253,112076.0,7255.0,14569.0
User_1254,115604.0,7296.0,14685.0
User_1255,110474.0,9068.0,21818.0
User_1256,115135.0,7270.0,14645.0
User_1257,110345.0,7721.0,10883.0
User_1258,111301.0,6464.0,17817.0
User_1259,110132.0,5634.0,13055.0
User_1260,110150.0,8608.0,12584.0
User_1261,109928.0,6976.0,14204.0
User_1262,109889.0,5491.0,12482.0
User_1263,109854.0,6971.0,14198.0
User_1264,109805.0,6969.0,14194.0
User_1265,109804.0,6969.0,14194.0
User_1266,109789.0,7572.0,11888.0
User_1267,112092.0,7098.0,14388.0
User_1268,109519.0,6952.0,14170.0
User_1269,111559.0,10994.0,7881.0
User_1270,109845.0,6971.0,14197.0
User_1271,109172.0,6933.0,14140.0
User_1272,109196.0,6934.0,14142.0
User_1273,111394.0,7058.0,14328.0
User_1274,109922.0,6975.0,14204.0
User_1275,108867.0,9242.0,17001.0
User_1276,108743.0,6315.0,14078.0
User_1277,109716.0,6964.0,14186.0
User_1278,108501.0,6895.0,14083.0
User_1279,109405.0,5276.0,12469.0
User_1280,108471.0,6893.0,14081.0
User_1281,108415.0,6890.0,14076.0
User_1282,108333.0,6885.0,14069.0
User_1283,108307.0,6144.0,13209.0
User_1284,110866.0,6710.0,13914.0
User_1285,108227.0,9246.0,16805.0
User_1286,108436.0,6891.0,14078.0
User_1287,108108.0,6953.0,14143.0
User_1288,108088.0,5106.0,12020.0
User_1289,108025.0,6868.0,14043.0
User_1290,109689.0,6962.0,14184.0
User_1291,110344.0,9742.0,14109.0
User_1292,110009.0,6980.0,14211.0
User_1293,107822.0,6177.0,15381.0
User_1294,107805.0,6856.0,14024.0
User_1295,109436.0,6865.0,9890.0
User_1296,110853.0,8437.0,22400.0
User_1297,107743.0,6852.0,14019.0
User_1298,107671.0,6848.0,14013.0
User_1299,107559.0,6842.0,14004.0
User_1300,107524.0,6840.0,14001.0
User_1301,107915.0,6862.0,14034.0
User_1302,107311.0,6828.0,13983.0
User_1303,107249.0,7341.0,14577.0
User_1304,107171.0,5847.0,13326.0
User_1305,110867.0,6448.0,13610.0
User_1306,107135.0,6818.0,13968.0
User_1307,106887.0,4577.0,15818.0
User_1308,106577.0,4046.0,10742.0
User_1309,106871.0,6803.0,13945.0
User_1310,106554.0,7491.0,12472.0
User_1311,106479.0,6781.0,13912.0
User_1312,106907.0,6805.0,13948.0
User_1313,106577.0,7703.0,9414.0
User_1314,106457.0,6779.0,13910.0
User_1315,106258.0,7434.0,14665.0
User_1316,108151.0,8261.0,15661.0
User_1317,106109.0,6865.0,15368.0
User_1318,107076.0,6814.0,13963.0
User_1319,107724.0,6851.0,14017.0
User_1320,105811.0,6743.0,13855.0
User_1321,105799.0,4446.0,11191.0
User_1322,105771.0,6570.0,12867.0
User_1323,105823.0,9790.0,17389.0
User_1324,105721.0,6738.0,13848.0
User_1325,106922.0,3870.0,10545.0
User_1326,105652.0,6734.0,13842.0
User_1327,106157.0,5568.0,12499.0
User_1328,105747.0,6739.0,13850.0
User_1329,105429.0,2733.0,10202.0
User_1330,105300.0,8173.0,19895.0
User_1331,105446.0,6722.0,13825.0
User_1332,105215.0,8436.0,11935.0
User_1333,111096.0,7042.0,14303.0
User_1334,105187.0,8612.0,13332.0
User_1335,105175.0,9878.0,17299.0
User_1336,106111.0,6760.0,13881.0
User_1337,104976.0,6902.0,14024.0
User_1338,104942.0,7236.0,11371.0
User_1339,104868.0,6517.0,20542.0
User_1340,104780.0,6685.0,13768.0
User_1341,104729.0,6682.0,13764.0
User_1342,104644.0,8416.0,23779.0
User_1343,110709.0,6204.0,11812.0
User_1344,105424.0,6721.0,13823.0
User_1345,104516.0,6670.0,13746.0
User_1346,117041.0,7377.0,14807.0
User_1347,104436.0,4729.0,11733.0
User_1348,104259.0,6572.0,13042.0
User_1349,104214.0,10479.0,15539.0
User_1350,106599.0,6487.0,12188.0
User_1351,104093.0,7385.0,13988.0
User_1352,103998.0,6641.0,13702.0
User_1353,104134.0,6129.0,10722.0
User_1354,103986.0,9697.0,23336.0
User_1355,103975.0,6639.0,13700.0
User_1356,103931.0,6637.0,13696.0
User_1357,103882.0,5774.0,8738.0
User_1358,103801.0,2928.0,6370.0
User_1359,103740.0,6626.0,13680.0
User_1360,103586.0,8699.0,12307.0
User_1361,103599.0,6618.0,13668.0
User_1362,103513.0,5372.0,16472.0
User_1363,103475.0,6162.0,13137.0
User_1364,103316.0,7264.0,16816.0
User_1365,103205.0,5878.0,12802.0
User_1366,103119.0,7462.0,11130.0
User_1367,106326.0,7585.0,18582.0
User_1368,103056.0,7712.0,20102.0
User_1369,105785.0,6742.0,13853.0
User_1370,103051.0,6614.0,13776.0
User_1371,102889.0,6578.0,13608.0
User_1372,102834.0,7333.0,14483.0
User_1373,103343.0,7716.0,14936.0
User_1374,102747.0,5268.0,12456.0
User_1375,102651.0,5273.0,33815.0
User_1376,102648.0,8728.0,12011.0
User_1377,102739.0,4662.0,12433.0
User_1378,102586.0,5628.0,14632.0
User_1379,103247.0,7800.0,23303.0
User_1380,108690.0,7114.0,13684.0
User_1381,102446.0,7416.0,18543.0
User_1382,102369.0,3479.0,9523.0
User_1383,102360.0,4029.0,8511.0
User_1384,107302.0,4838.0,9724.0
User_1385,102310.0,8213.0,15493.0
User_1386,102245.0,6542.0,13553.0
User_1387,102244.0,8129.0,11626.0
User_1388,102223.0,6540.0,13551.0
User_1389,102187.0,6215.0,11067.0
User_1390,102160.0,6537.0,13546.0
User_1391,102134.0,5926.0,10032.0
User_1392,103193.0,6470.0,13489.0
User_1393,102116.0,10594.0,8001.0
User_1394,104473.0,6667.0,13742.0
User_1395,101918.0,6523.0,13526.0
User_1396,101975.0,6526.0,13530.0
User_1397,101768.0,6515.0,13513.0
User_1398,101690.0,3878.0,11708.0
User_1399,101568.0,6503.0,13496.0
User_1400,105100.0,6703.0,13795.0
User_1401,102241.0,7783.0,16667.0
User_1402,101712.0,7479.0,14630.0
User_1403,101954.0,10065.0,13188.0
User_1404,101654.0,6408.0,12697.0
User_1405,101474.0,6498.0,13488.0
User_1406,101361.0,6492.0,13478.0
User_1407,101900.0,9060.0,21089.0
User_1408,101283.0,2420.0,8755.0
User_1409,101245.0,7728.0,11476.0
User_1410,101098.0,3065.0,15808.0
User_1411,101089.0,6476.0,13455.0
User_1412,104909.0,6050.0,11485.0
User_1413,103021.0,7247.0,17310.0
User_1414,100994.0,6243.0,12133.0
User_1415,100987.0,6470.0,13447.0
User_1416,103827.0,6631.0,13687.0
User_1417,101959.0,6525.0,13529.0
User_1418,101928.0,6276.0,13250.0
User_1419,100831.0,7439.0,14567.0
User_1420,100680.0,6453.0,13421.0
User_1421,101645.0,6109.0,11203.0
User_1422,100639.0,7016.0,10756.0
User_1423,100574.0,6289.0,12502.0
User_1424,100567.0,5722.0,10396.0
User_1425,100527.0,6398.0,13521.0
User_1426,100476.0,7436.0,11196.0
User_1427,100458.0,6441.0,13402.0
User_1428,100440.0,6440.0,13400.0
User_1429,100433.0,5596.0,12422.0
User_1430,100318.0,6433.0,13390.0
User_1431,100314.0,6432.0,13390.0
User_1432,100242.0,5155.0,12235.0
User_1433,100241.0,6428.0,13384.0
User_1434,100811.0,5646.0,12008.0
User_1435,107160.0,9591.0,29820.0
User_1436,100087.0,6096.0,11904.0
User_1437,100020.0,6006.0,11002.0
User_1438,100005.0,7220.0,18006.0
User_1439,101657.0,7691.0,14875.0
User_1440,99978.0,6413.0,13361.0
User_1441,99903.0,6129.0,11742.0
User_1442,99885.0,6408.0,13353.0
User_1443,99883.0,4291.0,11606.0
User_1444,99852.0,6406.0,13351.0
User_1445,99700.0,6398.0,13338.0
User_1446,100376.0,4897.0,14964.0
User_1447,99920.0,6959.0,12202.0
User_1448,100227.0,7447.0,11589.0
User_1449,99692.0,8933.0,14401.0
User_1450,100670.0,6337.0,12755.0
User_1451,99270.0,6373.0,13301.0
User_1452,100999.0,5481.0,11055.0
User_1453,99025.0,9276.0,29299.0
User_1454,99015.0,5214.0,8306.0
User_1455,103969.0,6639.0,13699.0
User_1456,98876.0,5476.0,8974.0
User_1457,98826.0,3083.0,9477.0
User_1458,98779.0,6346.0,13260.0
User_1459,98709.0,6342.0,13254.0
User_1460,98568.0,6793.0,13774.0
User_1461,98525.0,6689.0,13653.0
User_1462,98493.0,6004.0,14089.0
User_1463,98387.0,4811.0,7961.0
User_1464,98592.0,5157.0,13249.0
User_1465,101238.0,9143.0,8597.0
User_1466,98340.0,5230.0,10063.0
User_1467,98452.0,6327.0,13232.0
User_1468,98659.0,5144.0,11864.0
User_1469,98382.0,7970.0,11427.0
User_1470,98231.0,5230.0,11955.0
User_1471,98133.0,6309.0,13205.0
User_1472,98119.0,6308.0,13204.0
User_1473,98057.0,5852.0,10590.0
User_1474,98822.0,6460.0,11600.0
User_1475,97956.0,3899.0,7641.0
User_1476,97947.0,6299.0,13189.0
User_1477,97925.0,7543.0,23964.0
User_1478,97818.0,10243.0,17761.0
User_1479,98000.0,6302.0,13194.0
User_1480,97783.0,6637.0,9643.0
User_1481,97608.0,6280.0,13160.0
User_1482,97477.0,5021.0,8966.0
User_1483,97451.0,7143.0,10476.0
User_1484,97224.0,6258.0,13128.0
User_1485,97356.0,2801.0,7106.0
User_1486,97174.0,6255.0,13124.0
User_1487,97094.0,5503.0,14815.0
User_1488,98464.0,5742.0,12554.0
User_1489,97014.0,6246.0,13110.0
User_1490,97000.0,6245.0,13109.0
User_1491,104880.0,5911.0,22367.0
User_1492,98092.0,6307.0,13201.0
User_1493,96949.0,7719.0,11789.0
User_1494,96895.0,6239.0,13100.0
User_1495,97083.0,6250.0,13116.0
User_1496,96801.0,5534.0,12280.0
User_1497,96806.0,7041.0,10727.0
User_1498,96752.0,7734.0,26678.0
User_1499,96734.0,6359.0,13236.0
User_1500,96733.0,4529.0,18531.0
User_1501,96643.0,5535.0,9104.0
User_1502,97108.0,6251.0,13118.0
User_1503,96534.0,6007.0,12824.0
User_1504,96514.0,6116.0,9864.0
User_1505,96713.0,6229.0,13085.0
User_1506,96358.0,6969.0,10612.0
User_1507,96568.0,6221.0,13072.0
User_1508,96345.0,6167.0,18946.0
User_1509,96316.0,6207.0,13051.0
User_1510,96130.0,6196.0,13035.0
User_1511,96211.0,5987.0,10740.0
User_1512,96006.0,6095.0,21456.0
User_1513,96260.0,4200.0,11193.0
User_1514,95922.0,6184.0,13018.0
User_1515,97518.0,6663.0,13603.0
User_1516,95898.0,11284.0,19237.0
User_1517,95974.0,11731.0,13916.0
User_1518,95764.0,6823.0,14003.0
User_1519,95642.0,6184.0,13012.0
User_1520,95632.0,6168.0,12993.0
User_1521,95568.0,6157.0,13795.0
User_1522,95549.0,4012.0,10491.0
User_1523,95523.0,8026.0,15146.0
User_1524,95484.0,6179.0,13096.0
User_1525,95478.0,6159.0,12980.0
User_1526,95323.0,6150.0,12967.0
User_1527,95284.0,6148.0,12964.0
User_1528,95959.0,6186.0,13021.0
User_1529,96310.0,6206.0,13051.0
User_1530,95292.0,9259.0,14831.0
User_1531,95096.0,6138.0,12948.0
User_1532,95058.0,6135.0,12944.0
User_1533,95032.0,5701.0,12370.0
User_1534,95013.0,6133.0,12941.0
User_1535,96798.0,6168.0,11325.0
User_1536,94955.0,6130.0,12936.0
User_1537,94899.0,6126.0,12931.0
User_1538,95262.0,6507.0,15038.0
User_1539,94864.0,4644.0,12816.0
User_1540,94830.0,6488.0,13349.0
User_1541,94710.0,6116.0,12915.0
User_1542,94699.0,5828.0,27280.0
User_1543,94678.0,5364.0,10280.0
User_1544,95456.0,4346.0,10877.0
User_1545,94622.0,6111.0,12908.0
User_1546,96301.0,6253.0,13105.0
User_1547,96253.0,6146.0,12717.0
User_1548,95608.0,6167.0,12991.0
User_1549,94374.0,6097.0,12887.0
User_1550,94331.0,6094.0,12883.0
User_1551,94290.0,6092.0,12879.0
User_1552,97245.0,7512.0,15939.0
User_1553,94883.0,6144.0,12951.0
User_1554,94721.0,5574.0,14783.0
User_1555,94122.0,6083.0,12865.0
User_1556,96325.0,7893.0,11106.0
User_1557,94022.0,5897.0,10175.0
User_1558,94011.0,6076.0,12856.0
User_1559,94009.0,5164.0,10139.0
User_1560,94162.0,6157.0,13286.0
User_1561,96465.0,6734.0,13666.0
User_1562,94108.0,6732.0,22764.0
User_1563,93777.0,6063.0,12836.0
User_1564,93792.0,5095.0,13389.0
User_1565,93661.0,6106.0,11538.0
User_1566,93591.0,6053.0,12820.0
User_1567,93565.0,5984.0,33639.0
User_1568,94276.0,6091.0,12878.0
User_1569,93527.0,6049.0,12815.0
User_1570,93463.0,6045.0,12809.0
User_1571,93460.0,3835.0,7563.0
User_1572,93566.0,7562.0,16762.0
User_1573,93403.0,6042.0,12804.0
User_1574,93400.0,6042.0,12804.0
User_1575,94304.0,4857.0,10545.0
User_1576,93322.0,4314.0,8176.0
User_1577,93316.0,6037.0,12797.0
User_1578,93322.0,6254.0,12487.0
User_1579,93216.0,5679.0,10762.0
User_1580,93216.0,6926.0,12016.0
User_1581,94447.0,6640.0,16004.0
User_1582,93136.0,7355.0,24659.0
User_1583,93094.0,4420.0,10917.0
User_1584,98609.0,4753.0,12656.0
User_1585,93393.0,7649.0,11976.0
User_1586,92845.0,6010.0,12757.0
User_1587,92964.0,6017.0,12767.0
User_1588,92982.0,5414.0,16751.0
User_1589,92728.0,6004.0,12747.0
User_1590,92671.0,5100.0,15222.0
User_1591,92664.0,6000.0,12742.0
User_1592,92663.0,4990.0,6925.0
User_1593,92644.0,5999.0,12740.0
User_1594,92854.0,6011.0,12758.0
User_1595,92461.0,4253.0,8849.0
User_1596,92823.0,6612.0,16231.0
User_1597,92449.0,5988.0,12723.0
User_1598,92775.0,7351.0,22674.0
User_1599,92372.0,5296.0,13113.0
User_1600,92478.0,5990.0,12726.0
User_1601,92766.0,6006.0,12750.0
User_1602,92249.0,5977.0,12706.0
User_1603,92235.0,5829.0,11859.0
User_1604,92495.0,5991.0,12727.0
User_1605,92383.0,5984.0,12718.0
User_1606,92210.0,5975.0,12703.0
User_1607,91958.0,5960.0,12682.0
User_1608,91953.0,5960.0,12681.0
User_1609,91925.0,5958.0,12679.0
User_1610,91906.0,5154.0,11746.0
User_1611,91877.0,7850.0,10518.0
User_1612,94347.0,6095.0,12884.0
User_1613,92034.0,5447.0,13252.0
User_1614,91764.0,5949.0,12665.0
User_1615,91743.0,8731.0,15891.0
User_1616,91667.0,5944.0,12657.0
User_1617,91640.0,5942.0,12655.0
User_1618,91617.0,9748.0,21400.0
User_1619,91570.0,5938.0,12649.0
User_1620,91563.0,5188.0,11718.0
User_1621,91548.0,5937.0,12647.0
User_1622,100857.0,6463.0,13436.0
User_1623,92079.0,5475.0,9857.0
User_1624,91759.0,4814.0,12815.0
User_1625,91331.0,6595.0,10503.0
User_1626,91304.0,5923.0,12626.0
User_1627,91175.0,5853.0,12253.0
User_1628,91173.0,5477.0,12106.0
User_1629,91148.0,5915.0,12613.0
User_1630,91046.0,4501.0,9170.0
User_1631,90999.0,5743.0,11663.0
User_1632,90991.0,4838.0,7783.0
User_1633,90979.0,10804.0,11790.0
User_1634,90961.0,9829.0,22423.0
User_1635,91094.0,5912.0,12609.0
User_1636,91465.0,5932.0,12640.0
User_1637,90891.0,5900.0,12591.0
User_1638,90860.0,5898.0,12589.0
User_1639,97650.0,6282.0,13164.0
User_1640,90774.0,5562.0,14448.0
User_1641,90712.0,8318.0,16666.0
User_1642,91818.0,5642.0,10883.0
User_1643,90666.0,5279.0,11867.0
User_1644,91798.0,10243.0,14604.0
User_1645,90615.0,5848.0,12363.0
User_1646,90804.0,5895.0,12584.0
User_1647,90569.0,5278.0,10966.0
User_1648,90554.0,7039.0,19241.0
User_1649,93387.0,4702.0,10141.0
User_1650,90434.0,5874.0,12553.0
User_1651,90395.0,5240.0,8910.0
User_1652,93006.0,7783.0,11030.0
User_1653,92216.0,8817.0,16000.0
User_1654,91739.0,5184.0,13071.0
User_1655,90286.0,5866.0,12540.0
User_1656,90268.0,5865.0,12539.0
User_1657,90157.0,2113.0,10631.0
User_1658,92065.0,5966.0,12691.0
User_1659,90086.0,6494.0,10028.0
User_1660,90098.0,5855.0,12524.0
User_1661,91967.0,4565.0,11231.0
User_1662,90058.0,3681.0,11298.0
User_1663,90040.0,2908.0,8826.0
User_1664,90037.0,6748.0,13558.0
User_1665,90916.0,5901.0,12594.0
User_1666,89935.0,4926.0,11960.0
User_1667,89866.0,7149.0,12166.0
User_1668,89850.0,7153.0,16079.0
User_1669,89795.0,7084.0,32326.0
User_1670,89773.0,5519.0,11576.0
User_1671,90240.0,4658.0,11139.0
User_1672,90040.0,4724.0,9755.0
User_1673,89764.0,8302.0,15355.0
User_1674,89716.0,5905.0,12367.0
User_1675,92292.0,6419.0,11101.0
User_1676,89682.0,5832.0,12489.0
User_1677,90514.0,5879.0,12560.0
User_1678,89562.0,5825.0,12479.0
User_1679,89617.0,4527.0,9828.0
User_1680,89531.0,6760.0,13563.0
User_1681,89699.0,6192.0,13438.0
User_1682,89412.0,4398.0,11187.0
User_1683,89399.0,5816.0,12465.0
User_1684,89371.0,5814.0,12463.0
User_1685,89318.0,4126.0,10504.0
User_1686,89738.0,5835.0,12494.0
User_1687,89265.0,4646.0,7831.0
User_1688,89259.0,5808.0,12453.0
User_1689,89254.0,4422.0,10846.0
User_1690,91621.0,5941.0,12653.0
User_1691,89417.0,3920.0,11859.0
User_1692,89207.0,5805.0,12449.0
User_1693,89845.0,5841.0,12503.0
User_1694,89199.0,5902.0,13013.0
User_1695,89153.0,5802.0,12444.0
User_1696,89142.0,5801.0,12443.0
User_1697,89091.0,5917.0,10730.0
User_1698,93878.0,6069.0,12844.0
User_1699,90580.0,6399.0,10662.0
User_1700,88937.0,5790.0,12426.0
User_1701,88902.0,5035.0,10730.0
User_1702,88791.0,5781.0,12414.0
User_1703,88774.0,5780.0,12412.0
User_1704,89045.0,5796.0,12435.0
User_1705,88673.0,5292.0,11844.0
User_1706,88664.0,5774.0,12403.0
User_1707,88660.0,2443.0,7241.0
User_1708,88589.0,5921.0,12572.0
User_1709,88640.0,5581.0,11297.0
User_1710,96187.0,5240.0,11927.0
User_1711,90314.0,5867.0,12543.0
User_1712,88519.0,7361.0,9050.0
User_1713,90620.0,6318.0,13071.0
User_1714,88347.0,7117.0,11220.0
User_1715,88312.0,5754.0,12373.0
User_1716,88248.0,6022.0,12682.0
User_1717,88240.0,5293.0,11837.0
User_1718,88224.0,5749.0,12366.0
User_1719,88159.0,6107.0,9382.0
User_1720,88228.0,5750.0,12366.0
User_1721,88212.0,7886.0,14843.0
User_1722,88009.0,5737.0,12347.0
User_1723,88095.0,5742.0,12355.0
User_1724,87935.0,4598.0,5806.0
User_1725,87779.0,5724.0,12328.0
User_1726,87705.0,7030.0,10309.0
User_1727,91434.0,5893.0,12421.0
User_1728,87682.0,5326.0,10060.0
User_1729,87650.0,6267.0,15489.0
User_1730,87627.0,5716.0,12315.0
User_1731,88137.0,5744.0,12358.0
User_1732,87551.0,5711.0,12308.0
User_1733,87529.0,5710.0,12307.0
User_1734,87485.0,5378.0,10406.0
User_1735,90634.0,5886.0,12570.0
User_1736,87400.0,5703.0,12296.0
User_1737,87373.0,5701.0,12293.0
User_1738,87852.0,6044.0,10092.0
User_1739,87350.0,7822.0,18330.0
User_1740,90498.0,6291.0,13037.0
User_1741,87327.0,5699.0,12290.0
User_1742,87246.0,5366.0,11756.0
User_1743,87609.0,7470.0,10288.0
User_1744,87095.0,6226.0,12897.0
User_1745,86970.0,5500.0,11417.0
User_1746,88816.0,5863.0,15701.0
User_1747,86997.0,7003.0,10199.0
User_1748,86944.0,5677.0,12257.0
User_1749,86884.0,5119.0,10820.0
User_1750,88989.0,5373.0,10013.0
User_1751,86889.0,5674.0,12252.0
User_1752,86881.0,5166.0,9764.0
User_1753,86835.0,5671.0,12248.0
User_1754,87563.0,5712.0,12310.0
User_1755,86789.0,5668.0,12244.0
User_1756,86705.0,5861.0,16948.0
User_1757,86687.0,4815.0,14650.0
User_1758,86646.0,5660.0,12232.0
User_1759,88736.0,5778.0,12409.0
User_1760,89732.0,5568.0,10959.0
User_1761,86568.0,5656.0,12225.0
User_1762,86546.0,8509.0,15534.0
User_1763,86540.0,5197.0,20285.0
User_1764,86501.0,6875.0,13638.0
User_1765,86437.0,5648.0,12214.0
User_1766,86423.0,6892.0,16045.0
User_1767,86410.0,9257.0,16398.0
User_1768,88056.0,5740.0,12351.0
User_1769,87071.0,5298.0,7917.0
User_1770,86312.0,5468.0,9193.0
User_1771,87294.0,5697.0,12287.0
User_1772,86299.0,5561.0,9973.0
User_1773,88085.0,7766.0,18129.0
User_1774,86263.0,7309.0,19699.0
User_1775,86214.0,7041.0,9448.0
User_1776,89364.0,6548.0,11645.0
User_1777,86110.0,7242.0,14056.0
User_1778,86058.0,5627.0,12182.0
User_1779,86038.0,7958.0,14394.0
User_1780,86037.0,2281.0,8301.0
User_1781,86022.0,4695.0,10275.0
User_1782,86792.0,6345.0,11529.0
User_1783,86746.0,7180.0,10600.0
User_1784,85944.0,6326.0,11780.0
User_1785,85876.0,5617.0,12167.0
User_1786,85856.0,5616.0,12165.0
User_1787,85841.0,6112.0,9798.0
User_1788,85831.0,8273.0,15246.0
User_1789,85816.0,5613.0,12162.0
User_1790,85857.0,5340.0,9154.0
User_1791,85804.0,5613.0,12160.0
User_1792,85698.0,7831.0,9400.0
User_1793,85673.0,4402.0,9100.0
User_1794,85669.0,5605.0,12149.0
User_1795,85601.0,3240.0,9279.0
User_1796,85665.0,6282.0,12934.0
User_1797,86111.0,5630.0,12187.0
User_1798,85555.0,6158.0,9151.0
User_1799,85692.0,4176.0,7860.0
User_1800,85400.0,5516.0,8352.0
User_1801,85378.0,4597.0,9626.0
User_1802,86950.0,7852.0,12332.0
User_1803,85228.0,7668.0,9227.0
User_1804,91254.0,5921.0,12622.0
User_1805,86833.0,4940.0,10314.0
User_1806,85504.0,5096.0,12137.0
User_1807,85099.0,5573.0,12101.0
User_1808,85089.0,5401.0,11901.0
User_1809,85082.0,6628.0,8948.0
User_1810,85014.0,5564.0,11586.0
User_1811,85673.0,5605.0,12149.0
User_1812,84922.0,5563.0,12086.0
User_1813,85154.0,5833.0,13593.0
User_1814,85589.0,6866.0,7119.0
User_1815,84888.0,5561.0,12083.0
User_1816,84857.0,5829.0,10548.0
User_1817,86769.0,7657.0,17301.0
User_1818,84737.0,5597.0,12599.0
User_1819,85743.0,7287.0,17470.0
User_1820,84687.0,5550.0,12066.0
User_1821,84641.0,4119.0,10406.0
User_1822,84618.0,6282.0,8816.0
User_1823,84596.0,5290.0,10803.0
User_1824,84564.0,9340.0,9010.0
User_1825,84547.0,5542.0,12054.0
User_1826,87811.0,5673.0,12269.0
User_1827,85580.0,5452.0,9778.0
User_1828,88174.0,5747.0,12361.0
User_1829,85542.0,5598.0,12138.0
User_1830,84331.0,5529.0,12036.0
User_1831,84287.0,5049.0,9285.0
User_1832,85615.0,5602.0,12144.0
User_1833,84375.0,5482.0,11982.0
User_1834,84213.0,5523.0,12026.0
User_1835,86248.0,5701.0,12271.0
User_1836,84158.0,5520.0,12021.0
User_1837,84123.0,5518.0,12018.0
User_1838,84190.0,5521.0,12024.0
User_1839,84030.0,5520.0,12057.0
User_1840,83997.0,5612.0,9969.0
User_1841,83938.0,5507.0,12002.0
User_1842,83936.0,5507.0,12002.0
User_1843,84933.0,5563.0,12087.0
User_1844,83895.0,5800.0,13703.0
User_1845,87441.0,5705.0,12299.0
User_1846,86131.0,6147.0,20481.0
User_1847,83822.0,5265.0,9807.0
User_1848,83808.0,5500.0,11991.0
User_1849,83688.0,5493.0,11981.0
User_1850,83649.0,5491.0,11978.0
User_1851,83597.0,6239.0,11616.0
User_1852,87167.0,5806.0,12950.0
User_1853,83544.0,5485.0,11969.0
User_1854,83521.0,5484.0,11967.0
User_1855,83470.0,3984.0,6283.0
User_1856,83460.0,7983.0,14864.0
User_1857,83439.0,4568.0,10904.0
User_1858,83400.0,5195.0,10336.0
User_1859,83381.0,5476.0,11955.0
User_1860,83371.0,5475.0,11954.0
User_1861,83321.0,5472.0,11950.0
User_1862,85300.0,5584.0,12118.0
User_1863,83261.0,5985.0,12543.0
User_1864,86038.0,4051.0,8332.0
User_1865,83236.0,5468.0,11943.0
User_1866,83225.0,6120.0,10942.0
User_1867,88187.0,3371.0,9607.0
User_1868,83160.0,5463.0,11937.0
User_1869,83211.0,4426.0,14525.0
User_1870,85536.0,6200.0,11225.0
User_1871,83090.0,5459.0,11931.0
User_1872,83063.0,5458.0,11928.0
User_1873,83050.0,8014.0,11106.0
User_1874,88836.0,4189.0,11528.0
User_1875,82999.0,4910.0,12054.0
User_1876,82921.0,7492.0,10712.0
User_1877,82849.0,4100.0,10038.0
User_1878,82844.0,5445.0,11910.0
User_1879,83709.0,6354.0,11583.0
User_1880,84433.0,5535.0,12044.0
User_1881,82786.0,5442.0,11905.0
User_1882,83349.0,5474.0,11953.0
User_1883,82900.0,4691.0,11036.0
User_1884,82690.0,2523.0,9378.0
User_1885,82673.0,4390.0,10337.0
User_1886,82670.0,4530.0,15779.0
User_1887,82667.0,6747.0,6859.0
User_1888,82792.0,5442.0,11905.0
User_1889,82630.0,5433.0,11892.0
User_1890,82627.0,5433.0,11891.0
User_1891,82723.0,7136.0,11596.0
User_1892,83397.0,4555.0,9385.0
User_1893,82578.0,5970.0,15000.0
User_1894,82576.0,5430.0,11887.0
User_1895,82548.0,4828.0,8426.0
User_1896,82537.0,3952.0,9600.0
User_1897,82531.0,3748.0,5133.0
User_1898,82487.0,4816.0,11173.0
User_1899,82404.0,5421.0,11872.0
User_1900,82934.0,3523.0,10772.0
User_1901,82343.0,5833.0,14271.0
User_1902,88921.0,5789.0,12425.0
User_1903,82372.0,5102.0,16666.0
User_1904,82290.0,5414.0,11863.0
User_1905,82198.0,5409.0,11855.0
User_1906,82199.0,5409.0,11855.0
User_1907,82495.0,5426.0,11880.0
User_1908,82178.0,4619.0,9064.0
User_1909,82215.0,4053.0,12602.0
User_1910,82135.0,6019.0,11924.0
User_1911,82134.0,7606.0,14402.0
User_1912,82362.0,4940.0,9119.0
User_1913,82458.0,5320.0,11284.0
User_1914,82101.0,5716.0,11212.0
User_1915,82100.0,5403.0,11847.0
User_1916,82080.0,6589.0,11165.0
User_1917,82045.0,5213.0,10769.0
User_1918,89675.0,5519.0,10692.0
User_1919,81921.0,3060.0,8695.0
User_1920,93258.0,5665.0,12364.0
User_1921,82390.0,5421.0,10495.0
User_1922,81792.0,8307.0,15208.0
User_1923,384461.0,19038.0,17523.0
User_1924,379276.0,21007.0,28765.0
User_1925,357870.0,20984.0,35209.0
User_1926,344453.0,12049.0,16916.0
User_1927,286883.0,19839.0,61443.0
User_1928,281478.0,17214.0,29371.0
User_1929,277390.0,23953.0,37108.0
User_1930,276305.0,16375.0,28299.0
User_1931,269662.0,16175.0,27939.0
User_1932,262783.0,15612.0,27154.0
User_1933,238284.0,14227.0,25078.0
User_1934,233769.0,12693.0,27155.0
User_1935,228793.0,9221.0,13413.0
User_1936,228119.0,13217.0,32135.0
User_1937,224831.0,8488.0,18164.0
User_1938,222535.0,15524.0,19503.0
User_1939,222502.0,13336.0,23741.0
User_1940,213267.0,11287.0,18892.0
User_1941,207071.0,11301.0,15709.0
User_1942,204860.0,12339.0,22247.0
User_1943,204715.0,12331.0,22234.0
User_1944,203132.0,10357.0,17159.0
User_1945,202705.0,12217.0,22064.0
User_1946,200970.0,10719.0,16307.0
User_1947,203308.0,13661.0,18635.0
User_1948,197586.0,10025.0,16291.0
User_1949,192056.0,15506.0,17980.0
User_1950,191686.0,13000.0,29297.0
User_1951,189835.0,14550.0,15469.0
User_1952,187450.0,9184.0,16716.0
User_1953,186860.0,11322.0,20722.0
User_1954,185857.0,11265.0,20637.0
User_1955,186454.0,13416.0,18325.0
User_1956,184610.0,11195.0,20531.0
User_1957,184206.0,4772.0,9569.0
User_1958,183768.0,11147.0,20460.0
User_1959,183647.0,7012.0,10132.0
User_1960,183283.0,10856.0,20113.0
User_1961,182857.0,9298.0,16465.0
User_1962,181806.0,10790.0,16640.0
User_1963,179248.0,8484.0,13704.0
User_1964,179029.0,10714.0,14373.0
User_1965,178153.0,14038.0,23530.0
User_1966,177088.0,7684.0,15066.0
User_1967,176387.0,13560.0,17352.0
User_1968,176681.0,12975.0,22443.0
User_1969,175856.0,9848.0,18801.0
User_1970,175446.0,10677.0,19755.0
User_1971,174859.0,15240.0,25035.0
User_1972,173633.0,10575.0,19601.0
User_1973,174514.0,10625.0,19676.0
User_1974,172320.0,9057.0,18054.0
User_1975,170545.0,10291.0,17142.0
User_1976,173471.0,10566.0,19587.0
User_1977,169677.0,7672.0,13585.0
User_1978,168425.0,11987.0,18610.0
User_1979,167901.0,11994.0,21137.0
User_1980,167278.0,10216.0,19063.0
User_1981,166125.0,10591.0,20959.0
User_1982,169327.0,10331.0,19236.0
User_1983,164199.0,10197.0,13797.0
User_1984,162136.0,8013.0,12290.0
User_1985,162642.0,10392.0,19178.0
User_1986,160408.0,10679.0,22400.0
User_1987,159409.0,9771.0,18396.0
User_1988,159377.0,9174.0,13316.0
User_1989,159279.0,8285.0,16670.0
User_1990,158605.0,9726.0,18328.0
User_1991,158077.0,9696.0,18283.0
User_1992,157420.0,9659.0,18228.0
User_1993,157209.0,9647.0,18210.0
User_1994,156250.0,9593.0,18128.0
User_1995,155041.0,11664.0,20507.0
User_1996,154559.0,9497.0,17985.0
User_1997,154116.0,9039.0,18601.0
User_1998,154049.0,17680.0,13041.0
User_1999,153858.0,7877.0,12734.0
User_2000,153604.0,9381.0,17832.0
User_2001,152865.0,9401.0,17842.0
User_2002,152518.0,8088.0,26034.0
User_2003,151665.0,6306.0,19643.0
User_2004,149940.0,10415.0,16090.0
User_2005,149741.0,5450.0,12982.0
User_2006,149307.0,10628.0,19196.0
User_2007,149210.0,11061.0,19696.0
User_2008,149133.0,9304.0,28444.0
User_2009,148348.0,8424.0,12412.0
User_2010,148203.0,9138.0,17447.0
User_2011,148136.0,8736.0,11930.0
User_2012,147842.0,9118.0,17416.0
User_2013,147453.0,3753.0,17422.0
User_2014,146857.0,9062.0,17333.0
User_2015,146746.0,7945.0,16035.0
User_2016,146626.0,9049.0,17313.0
User_2017,146995.0,7078.0,26833.0
User_2018,146396.0,11146.0,19741.0
User_2019,145479.0,8984.0,17216.0
User_2020,145074.0,8928.0,17143.0
User_2021,143338.0,3399.0,10698.0
User_2022,143271.0,9485.0,18046.0
User_2023,142835.0,8835.0,16992.0
User_2024,142620.0,8823.0,16974.0
User_2025,145371.0,8978.0,17207.0
User_2026,141958.0,8109.0,18776.0
User_2027,141867.0,11496.0,20060.0
User_2028,141742.0,9905.0,11577.0
User_2029,141573.0,9832.0,20172.0
User_2030,141388.0,7952.0,12243.0
User_2031,142237.0,13729.0,13923.0
User_2032,140712.0,8715.0,16812.0
User_2033,140355.0,7686.0,10085.0
User_2034,140176.0,8685.0,16767.0
User_2035,140174.0,8684.0,16767.0
User_2036,140123.0,4075.0,25039.0
User_2037,139883.0,7053.0,14453.0
User_2038,139863.0,8667.0,16740.0
User_2039,140708.0,12112.0,20752.0
User_2040,139068.0,10505.0,18857.0
User_2041,139037.0,8620.0,16670.0
User_2042,139270.0,9510.0,17707.0
User_2043,138574.0,8594.0,16631.0
User_2044,137829.0,8552.0,16568.0
User_2045,137420.0,14647.0,29782.0
User_2046,137279.0,10540.0,17194.0
User_2047,138160.0,10183.0,18466.0
User_2048,141309.0,10786.0,19226.0
User_2049,136864.0,12001.0,19866.0
User_2050,139728.0,8659.0,16729.0
User_2051,136289.0,8035.0,12716.0
User_2052,135704.0,6331.0,13952.0
User_2053,135142.0,10727.0,13693.0
User_2054,135112.0,16106.0,26605.0
User_2055,134894.0,8386.0,16319.0
User_2056,135042.0,8394.0,16332.0
User_2057,134701.0,8375.0,16303.0
User_2058,133809.0,8344.0,27454.0
User_2059,134537.0,10416.0,14813.0
User_2060,133573.0,9567.0,13032.0
User_2061,133736.0,8321.0,16221.0
User_2062,133449.0,8241.0,16123.0
User_2063,132714.0,8263.0,16135.0
User_2064,132633.0,8258.0,16128.0
User_2065,135369.0,8413.0,16359.0
User_2066,132925.0,6861.0,11487.0
User_2067,134431.0,8360.0,16280.0
User_2068,135668.0,8397.0,19324.0
User_2069,131598.0,9118.0,11281.0
User_2070,136952.0,8352.0,16319.0
User_2071,131262.0,8181.0,16012.0
User_2072,131124.0,9294.0,22708.0
User_2073,134302.0,8109.0,13486.0
User_2074,130837.0,8157.0,15976.0
User_2075,132998.0,5015.0,11326.0
User_2076,130683.0,10147.0,16788.0
User_2077,130666.0,5735.0,12031.0
User_2078,138720.0,8602.0,16643.0
User_2079,129885.0,8034.0,15815.0
User_2080,129746.0,8095.0,15883.0
User_2081,129612.0,6756.0,14327.0
User_2082,129344.0,6884.0,13170.0
User_2083,129077.0,3564.0,7899.0
User_2084,128766.0,8040.0,15800.0
User_2085,128545.0,8027.0,15781.0
User_2086,128504.0,8025.0,15778.0
User_2087,128398.0,8019.0,15769.0
User_2088,128322.0,8015.0,15762.0
User_2089,127960.0,8335.0,16127.0
User_2090,127949.0,7475.0,12011.0
User_2091,127806.0,7986.0,15719.0
User_2092,127516.0,6593.0,14098.0
User_2093,127331.0,9598.0,11524.0
User_2094,126943.0,7937.0,15646.0
User_2095,126463.0,9988.0,18015.0
User_2096,126058.0,11329.0,22885.0
User_2097,126001.0,9772.0,14969.0
User_2098,125841.0,7875.0,15552.0
User_2099,125996.0,7883.0,15565.0
User_2100,125347.0,7399.0,17206.0
User_2101,125067.0,8695.0,12939.0
User_2102,123988.0,8725.0,13723.0
User_2103,123869.0,5979.0,13316.0
User_2104,123695.0,4384.0,12862.0
User_2105,124630.0,8000.0,13780.0
User_2106,128831.0,8044.0,15806.0
User_2107,123517.0,8890.0,21677.0
User_2108,123425.0,6801.0,15925.0
User_2109,123279.0,7730.0,15335.0
User_2110,123239.0,2632.0,12030.0
User_2111,123213.0,5204.0,11721.0
User_2112,122936.0,9451.0,16481.0
User_2113,123626.0,11210.0,24750.0
User_2114,122659.0,7695.0,15283.0
User_2115,122683.0,7936.0,18147.0
User_2116,122469.0,9924.0,17864.0
User_2117,122373.0,4553.0,8602.0
User_2118,122228.0,6087.0,10559.0
User_2119,122228.0,4674.0,8703.0
User_2120,121885.0,7651.0,15217.0
User_2121,121861.0,7650.0,15215.0
User_2122,121480.0,7628.0,15183.0
User_2123,121262.0,9392.0,25393.0
User_2124,121439.0,6272.0,16265.0
User_2125,120971.0,7599.0,15140.0
User_2126,120862.0,5775.0,11341.0
User_2127,120859.0,7593.0,15130.0
User_2128,120622.0,6784.0,10931.0
User_2129,120596.0,9169.0,26003.0
User_2130,120481.0,7572.0,15098.0
User_2131,120203.0,4534.0,11570.0
User_2132,120145.0,5977.0,13242.0
User_2133,121073.0,6586.0,13966.0
User_2134,120112.0,5178.0,12315.0
User_2135,120080.0,6155.0,10786.0
User_2136,119903.0,7539.0,15049.0
User_2137,121615.0,7636.0,15194.0
User_2138,121666.0,8073.0,17258.0
User_2139,119408.0,6001.0,18904.0
User_2140,119115.0,7495.0,14983.0
User_2141,119025.0,7490.0,14975.0
User_2142,123158.0,8362.0,13718.0
User_2143,118603.0,7466.0,14939.0
User_2144,118553.0,7463.0,14935.0
User_2145,118490.0,5274.0,11881.0
User_2146,125235.0,6970.0,15510.0
User_2147,118108.0,7821.0,11548.0
User_2148,118175.0,7442.0,14903.0
User_2149,118004.0,7432.0,14888.0
User_2150,117291.0,9525.0,17302.0
User_2151,116935.0,7371.0,14798.0
User_2152,117187.0,7386.0,14819.0
User_2153,116686.0,7357.0,14777.0
User_2154,116203.0,6752.0,9964.0
User_2155,115964.0,12349.0,20552.0
User_2156,115853.0,13010.0,27379.0
User_2157,115821.0,7309.0,14703.0
User_2158,115859.0,7311.0,14707.0
User_2159,115667.0,11150.0,13000.0
User_2160,115366.0,7283.0,14665.0
User_2161,115255.0,5382.0,12458.0
User_2162,114777.0,6498.0,15346.0
User_2163,114776.0,7249.0,14615.0
User_2164,114668.0,7243.0,14606.0
User_2165,114587.0,7239.0,14599.0
User_2166,114581.0,7269.0,15535.0
User_2167,114459.0,6570.0,14508.0
User_2168,114325.0,7867.0,15322.0
User_2169,115171.0,7272.0,14648.0
User_2170,114078.0,7210.0,14556.0
User_2171,114047.0,7208.0,14553.0
User_2172,114028.0,4836.0,14549.0
User_2173,114700.0,7245.0,14608.0
User_2174,113628.0,8139.0,12342.0
User_2175,113617.0,6220.0,22726.0
User_2176,113578.0,6179.0,13382.0
User_2177,114076.0,5646.0,12742.0
User_2178,113483.0,7176.0,14505.0
User_2179,113407.0,4806.0,11299.0
User_2180,113276.0,7165.0,14488.0
User_2181,113241.0,7102.0,14130.0
User_2182,113176.0,4551.0,10395.0
User_2183,112477.0,7120.0,14420.0
User_2184,112351.0,7112.0,14409.0
User_2185,112238.0,7423.0,19596.0
User_2186,112202.0,7104.0,14397.0
User_2187,112117.0,10557.0,11378.0
User_2188,111925.0,7088.0,14373.0
User_2189,111841.0,6147.0,12059.0
User_2190,111861.0,4404.0,11259.0
User_2191,111559.0,7068.0,14342.0
User_2192,111542.0,6546.0,12065.0
User_2193,111480.0,5182.0,9174.0
User_2194,111301.0,6477.0,13652.0
User_2195,111339.0,5100.0,9620.0
User_2196,113755.0,6306.0,11583.0
User_2197,111402.0,6490.0,11048.0
User_2198,111208.0,7071.0,12070.0
User_2199,111205.0,1947.0,8772.0
User_2200,111266.0,6397.0,10548.0
User_2201,110832.0,6065.0,17289.0
User_2202,112792.0,7137.0,14447.0
User_2203,110672.0,6420.0,9038.0
User_2204,110594.0,6529.0,29867.0
User_2205,110509.0,4980.0,10514.0
User_2206,110315.0,6114.0,11829.0
User_2207,109975.0,6978.0,14208.0
User_2208,109836.0,6970.0,14196.0
User_2209,109757.0,5605.0,9704.0
User_2210,111395.0,10981.0,7874.0
User_2211,112065.0,7223.0,15113.0
User_2212,109500.0,6951.0,14168.0
User_2213,109436.0,7140.0,10323.0
User_2214,109336.0,6942.0,14154.0
User_2215,109443.0,8243.0,15665.0
User_2216,109109.0,6588.0,13362.0
User_2217,108904.0,8070.0,15873.0
User_2218,108843.0,7250.0,14502.0
User_2219,108816.0,9242.0,17001.0
User_2220,108788.0,6927.0,11011.0
User_2221,109716.0,6964.0,14186.0
User_2222,108685.0,6905.0,14099.0
User_2223,108580.0,6899.0,14090.0
User_2224,108555.0,6898.0,14088.0
User_2225,108540.0,6897.0,14087.0
User_2226,108415.0,7096.0,13637.0
User_2227,108333.0,5966.0,10013.0
User_2228,109614.0,6958.0,14178.0
User_2229,108285.0,7268.0,14512.0
User_2230,108279.0,5845.0,10517.0
User_2231,108352.0,6381.0,10025.0
User_2232,108172.0,4531.0,11336.0
User_2233,110237.0,10040.0,13472.0
User_2234,108393.0,4690.0,11524.0
User_2235,109290.0,6940.0,14150.0
User_2236,107950.0,6864.0,14037.0
User_2237,108692.0,6906.0,14099.0
User_2238,107898.0,1967.0,9238.0
User_2239,107853.0,5663.0,11232.0
User_2240,107667.0,5360.0,12287.0
User_2241,107564.0,4200.0,13403.0
User_2242,107476.0,5656.0,8909.0
User_2243,107467.0,6837.0,13996.0
User_2244,107439.0,6105.0,13147.0
User_2245,109637.0,6959.0,14180.0
User_2246,107295.0,8030.0,13712.0
User_2247,107246.0,6459.0,10110.0
User_2248,108257.0,7380.0,16934.0
User_2249,107014.0,4866.0,7955.0
User_2250,106546.0,7706.0,9409.0
User_2251,106531.0,5336.0,8703.0
User_2252,106660.0,5992.0,8445.0
User_2253,106387.0,6776.0,13904.0
User_2254,108037.0,6869.0,14044.0
User_2255,106663.0,6791.0,13928.0
User_2256,105962.0,7116.0,8938.0
User_2257,105912.0,9794.0,17396.0
User_2258,106240.0,5342.0,12891.0
User_2259,105932.0,5518.0,12437.0
User_2260,107072.0,9583.0,30136.0
User_2261,105556.0,6729.0,13834.0
User_2262,105274.0,8173.0,19745.0
User_2263,105319.0,5570.0,13982.0
User_2264,106085.0,6758.0,13879.0
User_2265,108269.0,6683.0,13833.0
User_2266,105018.0,6698.0,13788.0
User_2267,104972.0,6696.0,13784.0
User_2268,104882.0,7084.0,20971.0
User_2269,115525.0,7292.0,14678.0
User_2270,104770.0,4548.0,11144.0
User_2271,105727.0,10959.0,18743.0
User_2272,104415.0,4989.0,10521.0
User_2273,104407.0,8921.0,19495.0
User_2274,104403.0,4727.0,11759.0
User_2275,121982.0,7657.0,15225.0
User_2276,104587.0,9056.0,12853.0
User_2277,104212.0,9413.0,11989.0
User_2278,104383.0,6662.0,13734.0
User_2279,103986.0,9695.0,23222.0
User_2280,103928.0,6637.0,13696.0
User_2281,108498.0,7330.0,13730.0
User_2282,103879.0,8620.0,11807.0
User_2283,103879.0,7406.0,14587.0
User_2284,105184.0,7368.0,14568.0
User_2285,103773.0,2928.0,9392.0
User_2286,103582.0,5849.0,9017.0
User_2287,103520.0,6614.0,13661.0
User_2288,103424.0,7244.0,16787.0
User_2289,103363.0,6605.0,13648.0
User_2290,105187.0,8612.0,13371.0
User_2291,103205.0,5878.0,12802.0
User_2292,103053.0,6587.0,13622.0
User_2293,102991.0,7210.0,14343.0
User_2294,104766.0,6299.0,11510.0
User_2295,102942.0,6581.0,13612.0
User_2296,102904.0,7220.0,11713.0
User_2297,102841.0,6257.0,11772.0
User_2298,102829.0,7903.0,13848.0
User_2299,104036.0,6643.0,13705.0
User_2300,102730.0,6569.0,13594.0
User_2301,1035.0,7288.0,12476.0
User_2302,102642.0,7465.0,11131.0
User_2303,102498.0,6728.0,14347.0
User_2304,102471.0,5650.0,14675.0
User_2305,102790.0,6418.0,13421.0
User_2306,102425.0,6552.0,13569.0
User_2307,102450.0,6553.0,13571.0
User_2308,102304.0,5474.0,10681.0
User_2309,102253.0,6542.0,13554.0
User_2310,102235.0,8129.0,11626.0
User_2311,102152.0,6536.0,13545.0
User_2312,101972.0,7181.0,14290.0
User_2313,104577.0,7019.0,10358.0
User_2314,101700.0,7436.0,11176.0
User_2315,101699.0,6511.0,13507.0
User_2316,101641.0,5717.0,12586.0
User_2317,101591.0,5630.0,9945.0
User_2318,101532.0,6501.0,13493.0
User_2319,101654.0,6335.0,12415.0
User_2320,101466.0,6968.0,12323.0
User_2321,101443.0,6669.0,14479.0
User_2322,101424.0,5588.0,12432.0
User_2323,101432.0,6209.0,13152.0
User_2324,101518.0,7390.0,12364.0
User_2325,101556.0,7663.0,14841.0
User_2326,101344.0,6491.0,13477.0
User_2327,101331.0,6490.0,13476.0
User_2328,101271.0,6486.0,13471.0
User_2329,101237.0,5054.0,10431.0
User_2330,101165.0,3662.0,7951.0
User_2331,101193.0,6482.0,13464.0
User_2332,100973.0,7631.0,12838.0
User_2333,100982.0,5490.0,11063.0
User_2334,100951.0,7969.0,12730.0
User_2335,100913.0,6466.0,13440.0
User_2336,100831.0,7439.0,14567.0
User_2337,100820.0,7279.0,12552.0
User_2338,100901.0,8078.0,8579.0
User_2339,100804.0,5646.0,12182.0
User_2340,100613.0,6449.0,13415.0
User_2341,100575.0,6508.0,13761.0
User_2342,100573.0,6409.0,10832.0
User_2343,100567.0,5746.0,10431.0
User_2344,100527.0,6384.0,13521.0
User_2345,100508.0,6682.0,10062.0
User_2346,100456.0,6245.0,14385.0
User_2347,101251.0,5967.0,11564.0
User_2348,100352.0,5375.0,14960.0
User_2349,100279.0,6430.0,13387.0
User_2350,100283.0,6431.0,13387.0
User_2351,100156.0,6423.0,13376.0
User_2352,100107.0,6443.0,13502.0
User_2353,100040.0,6417.0,13367.0
User_2354,103438.0,6609.0,13654.0
User_2355,100041.0,7440.0,11574.0
User_2356,99885.0,6408.0,13353.0
User_2357,100965.0,4242.0,21407.0
User_2358,99813.0,6404.0,13347.0
User_2359,99756.0,4572.0,11222.0
User_2360,101711.0,5291.0,10441.0
User_2361,99655.0,6395.0,13334.0
User_2362,99634.0,6527.0,13486.0
User_2363,99514.0,7269.0,14345.0
User_2364,99465.0,6384.0,13318.0
User_2365,99378.0,6475.0,10712.0
User_2366,103016.0,6611.0,13770.0
User_2367,98957.0,6356.0,13275.0
User_2368,98895.0,6208.0,10933.0
User_2369,98851.0,5476.0,8974.0
User_2370,98801.0,4962.0,13010.0
User_2371,99109.0,7709.0,10806.0
User_2372,98698.0,6341.0,13253.0
User_2373,99424.0,7893.0,15066.0
User_2374,100920.0,10469.0,13050.0
User_2375,98334.0,6321.0,13222.0
User_2376,99158.0,5281.0,11069.0
User_2377,98257.0,6308.0,11468.0
User_2378,98210.0,6248.0,14454.0
User_2379,103306.0,6637.0,13684.0
User_2380,98173.0,4592.0,10021.0
User_2381,98762.0,6455.0,11757.0
User_2382,98192.0,6313.0,13210.0
User_2383,97989.0,5087.0,11785.0
User_2384,97956.0,5319.0,7543.0
User_2385,97947.0,6299.0,13189.0
User_2386,100319.0,6433.0,13390.0
User_2387,97920.0,3760.0,11637.0
User_2388,97842.0,6823.0,13878.0
User_2389,98017.0,4982.0,11249.0
User_2390,97819.0,2919.0,9267.0
User_2391,97698.0,5265.0,10601.0
User_2392,97597.0,4604.0,9372.0
User_2393,97625.0,6280.0,13162.0
User_2394,97575.0,5744.0,12539.0
User_2395,97531.0,5224.0,9041.0
User_2396,97461.0,6271.0,13148.0
User_2397,97500.0,3694.0,6596.0
User_2398,97328.0,7735.0,12759.0
User_2399,97314.0,7101.0,14107.0
User_2400,97226.0,6023.0,13850.0
User_2401,97218.0,7781.0,12697.0
User_2402,97152.0,4470.0,10948.0
User_2403,97159.0,6254.0,13122.0
User_2404,97269.0,6803.0,12121.0
User_2405,97755.0,5844.0,10616.0
User_2406,96969.0,5575.0,9280.0
User_2407,96939.0,3543.0,10079.0
User_2408,96946.0,4501.0,22035.0
User_2409,96909.0,5957.0,12773.0
User_2410,98421.0,7045.0,14064.0
User_2411,97974.0,5055.0,11747.0
User_2412,96667.0,6226.0,13081.0
User_2413,99344.0,4628.0,13601.0
User_2414,96512.0,4520.0,19231.0
User_2415,96522.0,6218.0,13068.0
User_2416,96443.0,6214.0,13062.0
User_2417,96375.0,5377.0,8981.0
User_2418,96364.0,6209.0,13055.0
User_2419,96310.0,6206.0,13051.0
User_2420,98602.0,6336.0,13245.0
User_2421,96595.0,6222.0,13075.0
User_2422,96099.0,4340.0,8985.0
User_2423,96050.0,3906.0,10128.0
User_2424,96029.0,6190.0,13027.0
User_2425,96020.0,4853.0,13254.0
User_2426,95936.0,6994.0,11298.0
User_2427,95829.0,6179.0,13010.0
User_2428,95801.0,3870.0,10331.0
User_2429,95777.0,5240.0,7084.0
User_2430,95715.0,6814.0,10790.0
User_2431,95701.0,6172.0,12999.0
User_2432,95559.0,4511.0,11070.0
User_2433,95478.0,6159.0,12980.0
User_2434,95476.0,5058.0,8104.0
User_2435,97348.0,5857.0,10791.0
User_2436,95391.0,4343.0,10872.0
User_2437,98471.0,6398.0,13639.0
User_2438,95188.0,6143.0,12955.0
User_2439,95169.0,5686.0,7580.0
User_2440,95058.0,6135.0,12944.0
User_2441,95050.0,4458.0,10999.0
User_2442,95035.0,4656.0,12910.0
User_2443,94945.0,4888.0,11496.0
User_2444,97851.0,8227.0,9606.0
User_2445,94920.0,3825.0,9318.0
User_2446,94896.0,5148.0,13482.0
User_2447,94993.0,6132.0,12939.0
User_2448,94779.0,5368.0,10290.0
User_2449,94773.0,6119.0,12920.0
User_2450,94608.0,4613.0,9251.0
User_2451,94608.0,6378.0,13217.0
User_2452,94589.0,6109.0,12905.0
User_2453,94538.0,3770.0,10191.0
User_2454,94502.0,4041.0,12191.0
User_2455,94411.0,3719.0,6766.0
User_2456,94355.0,6096.0,12885.0
User_2457,94331.0,3827.0,6848.0
User_2458,94301.0,6093.0,12880.0
User_2459,94244.0,2728.0,11526.0
User_2460,94194.0,4986.0,7853.0
User_2461,96503.0,6028.0,9750.0
User_2462,94144.0,4224.0,5628.0
User_2463,94092.0,6081.0,12863.0
User_2464,94032.0,7741.0,11523.0
User_2465,96132.0,6137.0,12696.0
User_2466,93971.0,4012.0,10345.0
User_2467,94070.0,5901.0,10185.0
User_2468,93733.0,6061.0,12832.0
User_2469,93463.0,6045.0,12809.0
User_2470,93433.0,4922.0,10812.0
User_2471,94027.0,6077.0,12857.0
User_2472,93368.0,6040.0,12801.0
User_2473,93312.0,5926.0,10288.0
User_2474,93298.0,5712.0,10386.0
User_2475,93296.0,8171.0,14922.0
User_2476,93288.0,6035.0,12795.0
User_2477,93259.0,6034.0,12792.0
User_2478,93256.0,5111.0,11722.0
User_2479,93277.0,4587.0,11628.0
User_2480,93215.0,6031.0,12788.0
User_2481,93195.0,5780.0,12496.0
User_2482,93192.0,6030.0,12786.0
User_2483,93534.0,6049.0,12815.0
User_2484,93154.0,5317.0,8688.0
User_2485,93086.0,4164.0,7263.0
User_2486,92959.0,6017.0,12767.0
User_2487,93123.0,6026.0,12781.0
User_2488,92753.0,6671.0,13521.0
User_2489,93323.0,6037.0,12797.0
User_2490,92718.0,6949.0,11919.0
User_2491,92731.0,6004.0,12747.0
User_2492,92614.0,7966.0,11600.0
User_2493,92796.0,4322.0,10798.0
User_2494,92469.0,7332.0,22566.0
User_2495,92457.0,4085.0,13511.0
User_2496,92363.0,4435.0,10240.0
User_2497,92385.0,5984.0,12718.0
User_2498,92213.0,5975.0,12703.0
User_2499,92143.0,5971.0,12698.0
User_2500,92073.0,7372.0,11960.0
User_2501,92055.0,4261.0,7861.0
User_2502,91997.0,8270.0,25984.0
User_2503,91956.0,5960.0,12682.0
User_2504,91955.0,5978.0,12702.0
User_2505,91941.0,5097.0,11680.0
User_2506,91810.0,5952.0,12669.0
User_2507,91890.0,5956.0,12676.0
User_2508,91736.0,5948.0,12663.0
User_2509,91699.0,5946.0,12660.0
User_2510,92938.0,4891.0,11461.0
User_2511,94730.0,6117.0,12917.0
User_2512,91507.0,5211.0,12871.0
User_2513,91504.0,5935.0,12643.0
User_2514,91621.0,5941.0,12653.0
User_2515,91485.0,5934.0,12642.0
User_2516,91524.0,4411.0,10433.0
User_2517,91425.0,4077.0,12460.0
User_2518,91581.0,5300.0,14729.0
User_2519,91353.0,7153.0,14053.0
User_2520,91311.0,5924.0,12627.0
User_2521,91262.0,5681.0,12345.0
User_2522,92032.0,4969.0,9526.0
User_2523,91151.0,5915.0,12613.0
User_2524,93082.0,6024.0,12777.0
User_2525,91098.0,5506.0,11547.0
User_2526,91049.0,6838.0,11338.0
User_2527,91043.0,4153.0,9779.0
User_2528,91027.0,5968.0,10812.0
User_2529,91082.0,3716.0,10062.0
User_2530,90980.0,4880.0,9485.0
User_2531,91173.0,5502.0,12135.0
User_2532,91039.0,4436.0,9035.0
User_2533,91165.0,5916.0,12615.0
User_2534,90797.0,4235.0,6634.0
User_2535,90760.0,3682.0,12090.0
User_2536,90759.0,5277.0,10934.0
User_2537,90755.0,5892.0,12580.0
User_2538,90754.0,3831.0,9177.0
User_2539,92679.0,6001.0,12743.0
User_2540,90698.0,5757.0,9995.0
User_2541,90666.0,5279.0,11867.0
User_2542,90698.0,5808.0,12524.0
User_2543,93715.0,6137.0,13277.0
User_2544,90555.0,5881.0,12563.0
User_2545,90487.0,5110.0,11891.0
User_2546,90477.0,5877.0,12556.0
User_2547,90443.0,6163.0,14220.0
User_2548,92032.0,5502.0,10023.0
User_2549,90506.0,7172.0,8366.0
User_2550,90395.0,5240.0,8910.0
User_2551,90321.0,6156.0,9492.0
User_2552,90503.0,7451.0,9526.0
User_2553,90228.0,5863.0,12535.0
User_2554,90193.0,5861.0,12532.0
User_2555,91771.0,4615.0,12179.0
User_2556,90211.0,7170.0,14051.0
User_2557,90113.0,6772.0,13588.0
User_2558,90304.0,7198.0,9735.0
User_2559,90098.0,5855.0,12524.0
User_2560,90047.0,5795.0,12195.0
User_2561,89972.0,7147.0,23815.0
User_2562,89935.0,4991.0,12047.0
User_2563,90203.0,2496.0,7395.0
User_2564,89938.0,5846.0,12511.0
User_2565,89756.0,5836.0,12495.0
User_2566,89719.0,5834.0,12492.0
User_2567,89507.0,6759.0,13561.0
User_2568,89489.0,5026.0,7576.0
User_2569,89459.0,5650.0,10326.0
User_2570,89419.0,5817.0,12467.0
User_2571,89360.0,5816.0,7798.0
User_2572,89364.0,3964.0,12029.0
User_2573,93999.0,5172.0,10174.0
User_2574,92083.0,6097.0,12026.0
User_2575,89699.0,5833.0,12490.0
User_2576,89222.0,5806.0,12450.0
User_2577,89137.0,5801.0,12443.0
User_2578,89097.0,6181.0,9479.0
User_2579,89018.0,4371.0,9600.0
User_2580,89000.0,5793.0,12431.0
User_2581,88999.0,5793.0,12431.0
User_2582,88993.0,5793.0,12431.0
User_2583,96138.0,5982.0,10732.0
User_2584,92230.0,3980.0,11178.0
User_2585,88873.0,11280.0,18792.0
User_2586,88863.0,5022.0,12326.0
User_2587,88947.0,6343.0,12460.0
User_2588,88843.0,2901.0,9074.0
User_2589,88827.0,4202.0,12351.0
User_2590,89116.0,4459.0,10886.0
User_2591,88748.0,5187.0,11032.0
User_2592,89100.0,5799.0,12440.0
User_2593,88664.0,5774.0,12403.0
User_2594,88884.0,5061.0,12494.0
User_2595,88644.0,3263.0,8111.0
User_2596,88692.0,5776.0,12405.0
User_2597,88624.0,5772.0,12399.0
User_2598,88499.0,5765.0,12389.0
User_2599,88844.0,4179.0,10556.0
User_2600,88449.0,4484.0,8290.0
User_2601,88425.0,5761.0,12383.0
User_2602,88423.0,3823.0,11258.0
User_2603,88377.0,5594.0,11722.0
User_2604,88332.0,4665.0,9471.0
User_2605,88519.0,7361.0,9080.0
User_2606,88312.0,5867.0,13023.0
User_2607,88210.0,5749.0,12364.0
User_2608,88907.0,6008.0,13693.0
User_2609,88106.0,6748.0,13521.0
User_2610,88226.0,5749.0,12366.0
User_2611,87934.0,4657.0,10820.0
User_2612,87916.0,2704.0,8828.0
User_2613,87849.0,5728.0,12334.0
User_2614,87855.0,6030.0,7777.0
User_2615,87817.0,4569.0,5697.0
User_2616,87696.0,5720.0,12321.0
User_2617,87613.0,5712.0,11496.0
User_2618,91277.0,5883.0,12403.0
User_2619,87590.0,4219.0,10579.0
User_2620,87534.0,5710.0,12307.0
User_2621,87483.0,4238.0,16340.0
User_2622,87366.0,6562.0,13291.0
User_2623,87592.0,7161.0,10426.0
User_2624,87294.0,5697.0,12287.0
User_2625,87274.0,4622.0,9403.0
User_2626,87251.0,8793.0,15877.0
User_2627,87227.0,5276.0,11797.0
User_2628,87181.0,6165.0,9935.0
User_2629,87150.0,5689.0,12275.0
User_2630,87734.0,6034.0,10079.0
User_2631,87001.0,5680.0,12262.0
User_2632,86993.0,5616.0,10616.0
User_2633,87035.0,6467.0,12222.0
User_2634,88486.0,6005.0,14908.0
User_2635,86950.0,7852.0,12330.0
User_2636,86934.0,6414.0,14542.0
User_2637,86829.0,5671.0,12247.0
User_2638,86820.0,6630.0,11725.0
User_2639,86805.0,4309.0,8451.0
User_2640,87294.0,5697.0,12287.0
User_2641,86798.0,5494.0,11239.0
User_2642,86816.0,5162.0,9605.0
User_2643,86748.0,5414.0,11948.0
User_2644,86757.0,5666.0,12241.0
User_2645,86742.0,5666.0,12240.0
User_2646,86746.0,7180.0,10600.0
User_2647,86689.0,5663.0,12235.0
User_2648,86618.0,4993.0,8398.0
User_2649,86562.0,5655.0,12225.0
User_2650,86792.0,5668.0,12244.0
User_2651,86282.0,5640.0,12201.0
User_2652,86274.0,4237.0,10574.0
User_2653,86265.0,6267.0,8779.0
User_2654,86248.0,5638.0,12198.0
User_2655,86246.0,5561.0,9973.0
User_2656,86217.0,5636.0,12195.0
User_2657,86158.0,3996.0,11046.0
User_2658,86344.0,5643.0,12206.0
User_2659,86038.0,7958.0,14394.0
User_2660,85952.0,6052.0,11728.0
User_2661,85923.0,5619.0,12171.0
User_2662,85906.0,4380.0,7314.0
User_2663,85858.0,5486.0,11424.0
User_2664,91295.0,4602.0,11094.0
User_2665,85891.0,5618.0,12168.0
User_2666,85833.0,4034.0,8355.0
User_2667,85768.0,4366.0,10714.0
User_2668,85756.0,5610.0,12156.0
User_2669,85708.0,5607.0,12152.0
User_2670,85912.0,3604.0,9833.0
User_2671,85645.0,5004.0,10550.0
User_2672,85611.0,5032.0,5700.0
User_2673,85612.0,4180.0,10495.0
User_2674,85615.0,5602.0,12144.0
User_2675,85513.0,3833.0,9032.0
User_2676,85543.0,4386.0,10733.0
User_2677,85589.0,6866.0,7119.0
User_2678,85454.0,4992.0,10268.0
User_2679,85443.0,4373.0,10716.0
User_2680,85536.0,6200.0,11225.0
User_2681,85403.0,4599.0,9665.0
User_2682,85653.0,4218.0,7587.0
User_2683,85334.0,4534.0,10901.0
User_2684,85313.0,2849.0,3753.0
User_2685,85743.0,7287.0,14101.0
User_2686,87437.0,5705.0,12299.0
User_2687,85271.0,5583.0,12115.0
User_2688,85246.0,6945.0,11086.0
User_2689,85609.0,5649.0,13927.0
User_2690,85185.0,6633.0,8953.0
User_2691,86084.0,6281.0,15948.0
User_2692,85157.0,4456.0,10064.0
User_2693,85124.0,5829.0,13573.0
User_2694,85119.0,5574.0,12102.0
User_2695,85087.0,3549.0,8706.0
User_2696,87921.0,5732.0,12340.0
User_2697,84991.0,5390.0,9275.0
User_2698,84864.0,5560.0,12081.0
User_2699,84869.0,5560.0,12081.0
User_2700,84851.0,5559.0,12080.0
User_2701,84785.0,5555.0,12074.0
User_2702,85527.0,5818.0,9800.0
User_2703,84733.0,5499.0,9954.0
User_2704,84737.0,5597.0,12599.0
User_2705,84649.0,5547.0,12063.0
User_2706,84612.0,5090.0,11532.0
User_2707,85785.0,5612.0,12159.0
User_2708,84428.0,5535.0,12044.0
User_2709,86613.0,6532.0,17268.0
User_2710,84401.0,5533.0,12042.0
User_2711,84357.0,3713.0,9930.0
User_2712,84476.0,5538.0,12048.0
User_2713,84334.0,5530.0,12036.0
User_2714,84377.0,6048.0,12638.0
User_2715,84197.0,6010.0,15784.0
User_2716,84153.0,5557.0,12064.0
User_2717,84145.0,3767.0,11546.0
User_2718,90039.0,2081.0,10631.0
User_2719,90941.0,5903.0,12596.0
User_2720,85387.0,8650.0,10590.0
User_2721,84100.0,3599.0,7415.0
User_2722,84070.0,4898.0,11444.0
User_2723,84045.0,5346.0,11133.0
User_2724,84031.0,5512.0,12010.0
User_2725,84032.0,5513.0,12010.0
User_2726,83976.0,5509.0,12006.0
User_2727,83954.0,6764.0,8926.0
User_2728,86422.0,6205.0,12859.0
User_2729,87267.0,5421.0,8513.0
User_2730,83895.0,5505.0,11999.0
User_2731,84420.0,5447.0,11942.0
User_2732,83897.0,4690.0,7310.0
User_2733,83877.0,5098.0,11527.0
User_2734,89635.0,5498.0,10578.0
User_2735,83867.0,5503.0,11996.0
User_2736,83884.0,5504.0,11998.0
User_2737,83731.0,5496.0,11985.0
User_2738,83619.0,6141.0,15735.0
User_2739,83604.0,5488.0,11974.0
User_2740,83592.0,5419.0,11580.0
User_2741,83546.0,5485.0,11969.0
User_2742,83539.0,5485.0,11969.0
User_2743,83516.0,3439.0,7858.0
User_2744,84660.0,4798.0,8546.0
User_2745,83479.0,5827.0,7893.0
User_2746,83471.0,5962.0,9376.0
User_2747,83500.0,5482.0,11965.0
User_2748,83452.0,4818.0,11842.0
User_2749,83449.0,5198.0,10056.0
User_2750,83346.0,5474.0,11952.0
User_2751,83312.0,8854.0,10729.0
User_2752,83311.0,5472.0,11949.0
User_2753,83301.0,5471.0,11948.0
User_2754,83284.0,5470.0,11947.0
User_2755,83235.0,3382.0,9524.0
User_2756,83209.0,5466.0,11941.0
User_2757,83191.0,5145.0,10102.0
User_2758,88481.0,5764.0,12387.0
User_2759,83052.0,4448.0,8231.0
User_2760,83162.0,5366.0,7049.0
User_2761,82964.0,5452.0,11920.0
User_2762,82963.0,4545.0,8226.0
User_2763,84066.0,5064.0,11649.0
User_2764,82804.0,4019.0,9418.0
User_2765,82793.0,5443.0,11905.0
User_2766,82747.0,7929.0,14788.0
User_2767,82924.0,2773.0,13698.0
User_2768,84341.0,5191.0,18462.0
User_2769,82678.0,2720.0,7601.0
User_2770,82734.0,4735.0,9170.0
User_2771,82623.0,4970.0,11772.0
User_2772,82572.0,4565.0,10956.0
User_2773,82546.0,2642.0,7703.0
User_2774,82531.0,3748.0,5133.0
User_2775,82453.0,5423.0,11877.0
User_2776,82411.0,5838.0,14279.0
User_2777,82455.0,4586.0,10906.0
User_2778,82532.0,6361.0,11534.0
User_2779,83109.0,4423.0,14449.0
User_2780,82472.0,5424.0,11878.0
User_2781,82199.0,5409.0,11855.0
User_2782,82176.0,5427.0,11876.0
User_2783,83139.0,3916.0,11239.0
User_2784,82158.0,5843.0,12358.0
User_2785,82309.0,4074.0,9752.0
User_2786,82085.0,6259.0,13823.0
User_2787,84046.0,7218.0,17609.0
User_2788,82026.0,5399.0,11840.0
User_2789,81991.0,3616.0,9772.0
User_2790,82035.0,4882.0,7578.0
User_2791,82107.0,5254.0,10987.0
User_2792,81861.0,4754.0,9502.0
User_2793,81810.0,5387.0,11822.0
User_2794,81806.0,4596.0,12038.0
User_2795,81798.0,5703.0,11097.0
User_2796,82291.0,5418.0,10486.0
User_2797,81884.0,8282.0,9254.0
User_2798,81746.0,4451.0,15700.0
User_2799,81725.0,5096.0,8926.0
User_2800,81805.0,3819.0,14457.0
User_2801,81698.0,5381.0,11813.0
User_2802,81669.0,5379.0,11810.0
User_2803,81663.0,5622.0,10463.0
User_2804,82123.0,5405.0,11849.0
User_2805,81610.0,5148.0,6743.0
User_2806,81583.0,5374.0,11803.0
User_2807,81542.0,5372.0,11799.0
User_2808,81518.0,5070.0,16586.0
User_2809,81483.0,5369.0,11794.0
User_2810,81425.0,4200.0,10484.0
User_2811,81566.0,4695.0,24003.0
User_2812,81387.0,5363.0,11786.0
User_2813,82039.0,6186.0,9008.0
User_2814,82489.0,6681.0,23942.0
User_2815,81315.0,4879.0,9493.0
User_2816,81454.0,5367.0,11792.0
User_2817,81265.0,6037.0,15704.0
User_2818,81263.0,5356.0,11776.0
User_2819,81169.0,4909.0,12554.0
User_2820,81207.0,5447.0,11965.0
User_2821,81148.0,4411.0,9896.0
User_2822,81132.0,3600.0,10849.0
User_2823,85169.0,6426.0,20642.0
User_2824,81097.0,4477.0,10222.0
User_2825,81086.0,5346.0,11761.0
User_2826,81126.0,5023.0,11387.0
User_2827,81281.0,6044.0,10116.0
User_2828,80968.0,4806.0,9625.0
User_2829,80930.0,5337.0,11748.0
User_2830,84824.0,5557.0,12077.0
User_2831,81398.0,5952.0,15182.0
User_2832,80830.0,5332.0,11739.0
User_2833,80680.0,4100.0,10308.0
User_2834,80702.0,3645.0,11037.0
User_2835,80676.0,4474.0,9743.0
User_2836,81069.0,5754.0,12234.0
User_2837,80673.0,4716.0,9704.0
User_2838,80666.0,5322.0,11725.0
User_2839,80628.0,5795.0,10723.0
User_2840,80626.0,3371.0,9509.0
User_2841,80601.0,3898.0,10072.0
User_2842,80549.0,5528.0,7707.0
User_2843,80548.0,3792.0,9948.0
User_2844,80532.0,4560.0,9116.0
User_2845,80656.0,4243.0,11464.0
User_2846,80519.0,5314.0,11713.0
User_2847,80501.0,7739.0,14525.0
User_2848,80473.0,5311.0,11709.0
User_2849,80436.0,4991.0,8025.0
User_2850,80404.0,5308.0,11703.0
User_2851,80714.0,6146.0,10632.0
User_2852,80304.0,5302.0,11695.0
User_2853,80293.0,7564.0,8319.0
User_2854,80269.0,5622.0,8682.0
User_2855,80260.0,5532.0,26525.0
User_2856,80650.0,5321.0,11724.0
User_2857,80208.0,5296.0,11686.0
User_2858,80668.0,5322.0,11725.0
User_2859,80159.0,5294.0,11682.0
User_2860,80114.0,3972.0,12779.0
User_2861,80075.0,6576.0,12008.0
User_2862,80242.0,6083.0,12317.0
User_2863,80016.0,4583.0,9659.0
User_2864,79960.0,5282.0,11665.0
User_2865,79933.0,5281.0,11663.0
User_2866,79908.0,7969.0,12221.0
User_2867,79864.0,3656.0,8080.0
User_2868,80041.0,4267.0,6986.0
User_2869,80784.0,4849.0,7736.0
User_2870,79787.0,4553.0,7507.0
User_2871,79751.0,4065.0,8947.0
User_2872,79648.0,5182.0,11167.0
User_2873,79632.0,4519.0,8975.0
User_2874,79628.0,5548.0,13033.0
User_2875,79679.0,3382.0,9456.0
User_2876,79588.0,5368.0,8449.0
User_2877,79714.0,5269.0,11645.0
User_2878,79822.0,3779.0,9919.0
User_2879,79501.0,4647.0,11392.0
User_2880,79819.0,4539.0,9835.0
User_2881,79438.0,5791.0,9703.0
User_2882,79418.0,4893.0,11203.0
User_2883,79412.0,5252.0,11619.0
User_2884,79402.0,5251.0,11618.0
User_2885,79532.0,5774.0,10607.0
User_2886,79376.0,5249.0,11616.0
User_2887,79320.0,4739.0,7767.0
User_2888,79304.0,6082.0,12580.0
User_2889,79303.0,4076.0,14091.0
User_2890,79329.0,5247.0,11612.0
User_2891,79226.0,5011.0,15343.0
User_2892,79110.0,4909.0,10316.0
User_2893,79099.0,4283.0,8145.0
User_2894,79864.0,5277.0,11657.0
User_2895,79149.0,4562.0,10814.0
User_2896,79082.0,5029.0,11355.0
User_2897,79107.0,5860.0,12319.0
User_2898,79005.0,5029.0,10440.0
User_2899,79000.0,5821.0,16258.0
User_2900,79773.0,6059.0,10041.0
User_2901,79307.0,5528.0,9805.0
